Case_ID,Transaction_ID,From_Account,To_Account,Amount,Date,Time,IP,Phone,Email
C007,T00001,ACC0336,ACC0062,3530,2023-02-14,10:50,192.168.1.24,7800468073,user77@example.com
C011,T00002,ACC0075,ACC0213,95599,2023-01-02,07:59,192.168.1.34,9596216699,user38@example.com
C020,T00003,ACC0249,ACC0137,88535,2023-03-29,16:54,192.168.1.42,8702670225,user5@example.com
C001,T00004,ACC0114,ACC0191,10604,2023-03-19,03:53,192.168.1.23,6102534458,user62@example.com
C009,T00005,ACC0242,ACC0440,82468,2023-04-01,01:17,192.168.1.32,6787254499,user32@example.com
C010,T00006,ACC0338,ACC0087,21345,2023-01-13,22:02,192.168.1.26,7327439684,user29@example.com
C006,T00007,ACC0265,ACC0062,70885,2023-02-28,05:40,192.168.1.4,9239123098,user6@example.com
C012,T00008,ACC0195,ACC0004,31001,2023-04-17,00:35,192.168.1.47,8614333799,user85@example.com
C014,T00009,ACC0069,ACC0483,63752,2023-02-14,01:18,192.168.1.41,8484887910,user55@example.com
C013,T00010,ACC0482,ACC0010,41410,2023-02-04,18:12,192.168.1.35,7327439684,user25@example.com
C018,T00011,ACC0125,ACC0193,38829,2023-03-19,09:34,192.168.1.2,9012886331,user49@example.com
C020,T00012,ACC0037,ACC0133,35106,2023-03-07,09:00,192.168.1.30,8966336144,user11@example.com
C006,T00013,ACC0322,ACC0208,99990,2023-02-23,16:37,192.168.1.44,7141735120,user84@example.com
C003,T00014,ACC0223,ACC0411,55563,2023-04-10,04:04,192.168.1.14,8759217831,user41@example.com
C017,T00015,ACC0417,ACC0278,69728,2023-03-15,17:37,192.168.1.25,6535183618,user45@example.com
C010,T00016,ACC0463,ACC0274,96889,2023-06-10,14:43,192.168.1.5,9919786559,user24@example.com
C003,T00017,ACC0470,ACC0443,29419,2023-06-10,12:14,192.168.1.38,7512704154,user31@example.com
C011,T00018,ACC0345,ACC0261,57519,2023-03-29,18:30,192.168.1.22,7353435606,user95@example.com
C001,T00019,ACC0477,ACC0297,79846,2023-05-29,22:57,192.168.1.48,7833862491,user77@example.com
C015,T00020,ACC0425,ACC0347,79137,2023-06-19,07:00,192.168.1.22,9596216699,user99@example.com
C011,T00021,ACC0351,ACC0412,85934,2023-05-28,09:47,192.168.1.17,6075693840,user7@example.com
C008,T00022,ACC0261,ACC0225,68556,2023-03-02,16:44,192.168.1.26,7833862491,user58@example.com
C007,T00023,ACC0008,ACC0490,7225,2023-05-19,08:28,192.168.1.30,8618485975,user60@example.com
C012,T00024,ACC0391,ACC0053,24507,2023-05-01,06:52,192.168.1.28,6298832043,user36@example.com
C007,T00025,ACC0096,ACC0434,1101,2023-01-27,16:55,192.168.1.1,6535183618,user1@example.com
C001,T00026,ACC0415,ACC0193,59280,2023-06-29,07:30,192.168.1.18,6361615148,user35@example.com
C017,T00027,ACC0278,ACC0450,30987,2023-06-29,20:43,192.168.1.41,8286929404,user57@example.com
C019,T00028,ACC0058,ACC0447,21456,2023-01-25,04:01,192.168.1.42,9131228177,user29@example.com
C019,T00029,ACC0075,ACC0065,55300,2023-06-27,11:57,192.168.1.7,7998294103,user32@example.com
C005,T00030,ACC0128,ACC0327,1690,2023-01-03,11:02,192.168.1.2,8786001402,user9@example.com
C019,T00031,ACC0150,ACC0250,13198,2023-05-28,04:31,192.168.1.40,6075693840,user72@example.com
C014,T00032,ACC0019,ACC0381,74781,2023-05-06,15:03,192.168.1.32,9992380683,user1@example.com
C018,T00033,ACC0056,ACC0173,91279,2023-02-01,10:42,192.168.1.20,6453930471,user39@example.com
C004,T00034,ACC0485,ACC0360,44697,2023-03-09,21:57,192.168.1.46,6877612879,user46@example.com
C019,T00035,ACC0265,ACC0030,68651,2023-06-01,13:16,192.168.1.7,9533523285,user87@example.com
C005,T00036,ACC0174,ACC0293,33694,2023-03-16,13:43,192.168.1.13,7065339454,user32@example.com
C008,T00037,ACC0213,ACC0098,1971,2023-05-21,21:20,192.168.1.37,9992380683,user8@example.com
C003,T00038,ACC0114,ACC0197,34373,2023-01-24,18:23,192.168.1.49,7341824550,user84@example.com
C016,T00039,ACC0409,ACC0450,33970,2023-06-26,18:02,192.168.1.8,7512704154,user66@example.com
C001,T00040,ACC0476,ACC0066,90175,2023-06-23,18:47,192.168.1.50,6159853865,user26@example.com
C002,T00041,ACC0044,ACC0149,98820,2023-02-14,10:29,192.168.1.13,9732472035,user65@example.com
C001,T00042,ACC0381,ACC0024,43785,2023-05-04,13:17,192.168.1.38,8490349932,user74@example.com
C018,T00043,ACC0346,ACC0043,53555,2023-03-18,17:56,192.168.1.47,9012886331,user62@example.com
C001,T00044,ACC0368,ACC0176,59255,2023-04-19,21:19,192.168.1.38,6556220817,user88@example.com
C018,T00045,ACC0283,ACC0307,59652,2023-01-10,13:40,192.168.1.19,8614333799,user60@example.com
C013,T00046,ACC0370,ACC0481,63067,2023-05-18,21:34,192.168.1.33,7749388328,user25@example.com
C010,T00047,ACC0174,ACC0465,10685,2023-05-19,06:09,192.168.1.13,7304487890,user31@example.com
C011,T00048,ACC0414,ACC0205,62073,2023-01-10,00:37,192.168.1.18,9533523285,user12@example.com
C019,T00049,ACC0220,ACC0180,37485,2023-05-10,05:48,192.168.1.19,7341824550,user4@example.com
C001,T00050,ACC0303,ACC0183,68275,2023-02-18,06:06,192.168.1.21,6127847302,user96@example.com
C018,T00051,ACC0480,ACC0297,79969,2023-02-02,10:58,192.168.1.43,8286929404,user44@example.com
C005,T00052,ACC0331,ACC0195,6568,2023-03-07,19:43,192.168.1.2,6361615148,user2@example.com
C008,T00053,ACC0492,ACC0471,36552,2023-06-25,23:00,192.168.1.3,6652921161,user18@example.com
C013,T00054,ACC0222,ACC0345,4409,2023-06-01,01:49,192.168.1.47,7551777988,user47@example.com
C013,T00055,ACC0109,ACC0208,26188,2023-05-08,11:49,192.168.1.8,9189562222,user13@example.com
C015,T00056,ACC0230,ACC0364,30183,2023-04-19,08:32,192.168.1.29,6256720444,user52@example.com
C014,T00057,ACC0464,ACC0450,26732,2023-01-21,02:08,192.168.1.18,6343121319,user68@example.com
C017,T00058,ACC0373,ACC0134,47847,2023-06-02,00:04,192.168.1.39,6877612879,user60@example.com
C013,T00059,ACC0309,ACC0175,12383,2023-04-02,18:31,192.168.1.3,8490349932,user62@example.com
C004,T00060,ACC0067,ACC0371,58312,2023-06-12,23:26,192.168.1.23,8310891037,user87@example.com
C004,T00061,ACC0023,ACC0413,78643,2023-04-21,17:48,192.168.1.8,9481505619,user100@example.com
C018,T00062,ACC0077,ACC0364,62008,2023-04-28,04:33,192.168.1.17,6127847302,user89@example.com
C005,T00063,ACC0421,ACC0245,61045,2023-05-21,10:55,192.168.1.27,7472360950,user57@example.com
C002,T00064,ACC0459,ACC0318,8163,2023-01-10,13:21,192.168.1.47,6159853865,user72@example.com
C018,T00065,ACC0319,ACC0294,8979,2023-06-20,12:58,192.168.1.39,8786001402,user91@example.com
C020,T00066,ACC0323,ACC0161,61052,2023-06-08,14:35,192.168.1.1,8332804232,user58@example.com
C007,T00067,ACC0420,ACC0139,8070,2023-01-01,22:01,192.168.1.25,9596216699,user19@example.com
C018,T00068,ACC0372,ACC0008,56008,2023-03-16,13:29,192.168.1.11,9065427609,user22@example.com
C002,T00069,ACC0331,ACC0488,25537,2023-06-10,05:46,192.168.1.35,7863677453,user91@example.com
C018,T00070,ACC0279,ACC0398,27482,2023-06-11,09:46,192.168.1.35,6343121319,user22@example.com
C019,T00071,ACC0438,ACC0490,57566,2023-02-21,18:04,192.168.1.47,6597366321,user49@example.com
C006,T00072,ACC0305,ACC0034,51697,2023-04-01,07:01,192.168.1.44,9919786559,user49@example.com
C014,T00073,ACC0439,ACC0077,13049,2023-02-01,02:08,192.168.1.8,7749388328,user82@example.com
C007,T00074,ACC0141,ACC0461,61956,2023-06-11,21:16,192.168.1.47,7141735120,user70@example.com
C001,T00075,ACC0378,ACC0089,17184,2023-03-08,02:57,192.168.1.15,8266731132,user5@example.com
C002,T00076,ACC0099,ACC0369,44649,2023-04-04,00:55,192.168.1.14,6212591176,user79@example.com
C014,T00077,ACC0261,ACC0093,67231,2023-04-05,07:32,192.168.1.49,7816748702,user85@example.com
C008,T00078,ACC0112,ACC0137,25313,2023-05-23,02:22,192.168.1.44,7481260640,user68@example.com
C009,T00079,ACC0081,ACC0390,48832,2023-02-19,13:07,192.168.1.26,6343121319,user92@example.com
C018,T00080,ACC0308,ACC0190,21763,2023-01-07,13:34,192.168.1.18,8966336144,user9@example.com
C011,T00081,ACC0092,ACC0162,90396,2023-03-22,02:58,192.168.1.31,6256720444,user17@example.com
C008,T00082,ACC0481,ACC0316,97262,2023-06-13,05:46,192.168.1.8,9857742175,user67@example.com
C001,T00083,ACC0155,ACC0375,55925,2023-02-28,00:21,192.168.1.12,6241776141,user2@example.com
C004,T00084,ACC0146,ACC0372,17984,2023-03-08,17:06,192.168.1.15,7065339454,user3@example.com
C001,T00085,ACC0074,ACC0196,90839,2023-02-24,08:07,192.168.1.23,6556220817,user1@example.com
C012,T00086,ACC0397,ACC0114,98875,2023-06-23,12:20,192.168.1.12,6212591176,user69@example.com
C005,T00087,ACC0451,ACC0105,84308,2023-06-12,03:17,192.168.1.50,9919786559,user28@example.com
C013,T00088,ACC0008,ACC0103,87250,2023-02-27,05:21,192.168.1.46,6787254499,user14@example.com
C006,T00089,ACC0037,ACC0247,16633,2023-06-19,10:41,192.168.1.35,8966336144,user23@example.com
C001,T00090,ACC0063,ACC0190,54574,2023-03-19,02:11,192.168.1.20,6075693840,user51@example.com
C010,T00091,ACC0198,ACC0359,71661,2023-06-02,02:51,192.168.1.25,8266731132,user85@example.com
C014,T00092,ACC0280,ACC0178,56216,2023-02-22,16:19,192.168.1.25,8490349932,user30@example.com
C005,T00093,ACC0022,ACC0083,39112,2023-06-11,23:59,192.168.1.48,6597366321,user29@example.com
C015,T00094,ACC0232,ACC0433,87667,2023-04-04,07:49,192.168.1.28,7816748702,user45@example.com
C004,T00095,ACC0473,ACC0090,16448,2023-04-29,17:04,192.168.1.44,9012886331,user20@example.com
C009,T00096,ACC0199,ACC0318,1597,2023-03-31,05:28,192.168.1.36,9992380683,user57@example.com
C017,T00097,ACC0453,ACC0174,41984,2023-02-19,03:24,192.168.1.46,7551777988,user24@example.com
C010,T00098,ACC0045,ACC0046,55182,2023-03-06,06:42,192.168.1.47,8490349932,user47@example.com
C017,T00099,ACC0134,ACC0211,94470,2023-02-16,15:22,192.168.1.10,7166156988,user3@example.com
C013,T00100,ACC0163,ACC0315,91872,2023-05-24,22:54,192.168.1.19,6298832043,user59@example.com
C012,T00101,ACC0222,ACC0010,75467,2023-05-31,05:27,192.168.1.19,6640825635,user34@example.com
C008,T00102,ACC0479,ACC0416,54412,2023-05-05,06:43,192.168.1.38,7304487890,user35@example.com
C004,T00103,ACC0473,ACC0279,16061,2023-04-25,21:00,192.168.1.49,6597366321,user57@example.com
C002,T00104,ACC0299,ACC0350,43150,2023-06-11,18:42,192.168.1.6,6265275990,user100@example.com
C008,T00105,ACC0149,ACC0317,47106,2023-05-13,13:48,192.168.1.14,7512704154,user22@example.com
C004,T00106,ACC0432,ACC0185,95329,2023-01-17,18:32,192.168.1.43,9596216699,user96@example.com
C003,T00107,ACC0244,ACC0481,83291,2023-04-30,22:08,192.168.1.37,8774650162,user74@example.com
C012,T00108,ACC0098,ACC0147,5258,2023-02-07,05:56,192.168.1.37,7816748702,user64@example.com
C003,T00109,ACC0115,ACC0399,46405,2023-03-12,17:32,192.168.1.22,7097967409,user5@example.com
C011,T00110,ACC0416,ACC0017,62957,2023-03-01,14:35,192.168.1.19,6339920824,user87@example.com
C014,T00111,ACC0467,ACC0182,31164,2023-06-20,01:28,192.168.1.17,6102534458,user45@example.com
C009,T00112,ACC0119,ACC0004,54346,2023-05-11,03:07,192.168.1.11,6713738693,user98@example.com
C016,T00113,ACC0338,ACC0024,14711,2023-03-23,15:23,192.168.1.17,7141735120,user3@example.com
C011,T00114,ACC0089,ACC0169,5513,2023-03-20,13:55,192.168.1.23,6364271968,user99@example.com
C017,T00115,ACC0172,ACC0476,90234,2023-03-17,08:45,192.168.1.26,6361615148,user41@example.com
C003,T00116,ACC0436,ACC0293,4849,2023-03-25,22:04,192.168.1.24,7353435606,user40@example.com
C019,T00117,ACC0345,ACC0237,32764,2023-03-08,02:53,192.168.1.16,6690167049,user11@example.com
C019,T00118,ACC0352,ACC0434,8511,2023-01-30,20:44,192.168.1.45,9524267122,user17@example.com
C020,T00119,ACC0495,ACC0431,92038,2023-05-26,01:32,192.168.1.11,6343121319,user51@example.com
C010,T00120,ACC0242,ACC0455,26835,2023-04-12,09:21,192.168.1.7,7065339454,user33@example.com
C013,T00121,ACC0375,ACC0008,2603,2023-04-20,04:49,192.168.1.37,7472360950,user28@example.com
C017,T00122,ACC0247,ACC0027,54249,2023-02-19,04:51,192.168.1.1,7304487890,user21@example.com
C020,T00123,ACC0006,ACC0218,19258,2023-06-16,20:12,192.168.1.29,7998294103,user18@example.com
C011,T00124,ACC0230,ACC0126,10124,2023-06-27,15:25,192.168.1.5,8966336144,user31@example.com
C020,T00125,ACC0315,ACC0138,91559,2023-01-21,14:36,192.168.1.21,7166156988,user63@example.com
C006,T00126,ACC0232,ACC0152,25130,2023-06-26,11:09,192.168.1.9,8342648194,user44@example.com
C020,T00127,ACC0179,ACC0243,46862,2023-02-01,11:58,192.168.1.32,7971860251,user52@example.com
C012,T00128,ACC0150,ACC0194,60623,2023-04-02,06:08,192.168.1.47,6102534458,user35@example.com
C006,T00129,ACC0332,ACC0046,98612,2023-04-19,15:46,192.168.1.31,9053720883,user6@example.com
C015,T00130,ACC0109,ACC0037,22811,2023-04-22,08:29,192.168.1.35,6343121319,user97@example.com
C009,T00131,ACC0337,ACC0461,12933,2023-04-22,04:04,192.168.1.24,7054675997,user95@example.com
C001,T00132,ACC0306,ACC0138,44804,2023-02-12,22:32,192.168.1.47,9857742175,user88@example.com
C010,T00133,ACC0244,ACC0063,7996,2023-06-30,23:20,192.168.1.25,9790704115,user58@example.com
C015,T00134,ACC0472,ACC0109,2008,2023-04-24,20:20,192.168.1.29,7379961739,user38@example.com
C019,T00135,ACC0425,ACC0374,44478,2023-01-29,10:07,192.168.1.5,9481505619,user4@example.com
C016,T00136,ACC0138,ACC0126,38701,2023-06-26,04:03,192.168.1.16,8681135640,user53@example.com
C014,T00137,ACC0150,ACC0331,85935,2023-03-14,00:50,192.168.1.48,8904300116,user95@example.com
C018,T00138,ACC0127,ACC0129,48883,2023-04-16,04:40,192.168.1.23,8316770490,user25@example.com
C008,T00139,ACC0398,ACC0226,29932,2023-02-28,15:52,192.168.1.13,7833862491,user63@example.com
C007,T00140,ACC0466,ACC0458,81369,2023-01-26,21:04,192.168.1.25,7816748702,user33@example.com
C015,T00141,ACC0225,ACC0325,47102,2023-01-26,04:22,192.168.1.1,8702670225,user69@example.com
C014,T00142,ACC0139,ACC0488,80041,2023-05-20,09:30,192.168.1.12,8702670225,user22@example.com
C004,T00143,ACC0483,ACC0449,68751,2023-01-30,01:35,192.168.1.5,6241776141,user17@example.com
C019,T00144,ACC0474,ACC0393,9110,2023-02-25,21:52,192.168.1.37,6364271968,user15@example.com
C016,T00145,ACC0042,ACC0140,71308,2023-03-10,07:58,192.168.1.20,8266731132,user2@example.com
C017,T00146,ACC0298,ACC0212,94401,2023-02-09,04:31,192.168.1.30,6127847302,user56@example.com
C002,T00147,ACC0308,ACC0098,17419,2023-04-18,15:51,192.168.1.38,8332804232,user24@example.com
C006,T00148,ACC0383,ACC0005,35794,2023-04-21,23:33,192.168.1.3,7551777988,user99@example.com
C016,T00149,ACC0487,ACC0302,70679,2023-06-01,12:33,192.168.1.23,6241776141,user92@example.com
C020,T00150,ACC0122,ACC0073,75391,2023-03-18,10:52,192.168.1.3,8509012347,user68@example.com
C006,T00151,ACC0331,ACC0013,34481,2023-05-27,06:50,192.168.1.31,9053720883,user100@example.com
C018,T00152,ACC0123,ACC0144,14198,2023-01-07,02:22,192.168.1.8,9398869574,user27@example.com
C009,T00153,ACC0018,ACC0212,36358,2023-05-04,15:38,192.168.1.33,6713738693,user97@example.com
C017,T00154,ACC0071,ACC0224,1074,2023-03-04,02:55,192.168.1.34,9790704115,user88@example.com
C009,T00155,ACC0046,ACC0128,29011,2023-01-05,13:28,192.168.1.2,6713738693,user6@example.com
C013,T00156,ACC0313,ACC0152,59367,2023-06-02,22:41,192.168.1.43,8094684812,user28@example.com
C007,T00157,ACC0118,ACC0343,2871,2023-05-31,00:30,192.168.1.31,7723975431,user88@example.com
C020,T00158,ACC0311,ACC0173,63460,2023-01-26,09:18,192.168.1.28,9424753779,user44@example.com
C008,T00159,ACC0139,ACC0247,61857,2023-06-30,15:50,192.168.1.25,9857742175,user23@example.com
C012,T00160,ACC0025,ACC0446,13429,2023-02-16,04:04,192.168.1.37,9053720883,user47@example.com
C011,T00161,ACC0361,ACC0473,15160,2023-01-24,18:04,192.168.1.10,8759217831,user40@example.com
C003,T00162,ACC0482,ACC0372,64770,2023-05-20,09:10,192.168.1.46,6877612879,user51@example.com
C014,T00163,ACC0452,ACC0078,64614,2023-01-21,06:31,192.168.1.10,8100463831,user38@example.com
C012,T00164,ACC0491,ACC0368,20548,2023-06-22,16:19,192.168.1.48,6652921161,user52@example.com
C020,T00165,ACC0051,ACC0145,93230,2023-04-11,01:47,192.168.1.34,7576593210,user6@example.com
C010,T00166,ACC0129,ACC0425,61565,2023-05-14,13:33,192.168.1.15,6127847302,user84@example.com
C016,T00167,ACC0340,ACC0073,71813,2023-04-03,02:53,192.168.1.32,9062918245,user62@example.com
C018,T00168,ACC0084,ACC0454,63212,2023-01-20,18:41,192.168.1.17,7710898914,user20@example.com
C020,T00169,ACC0432,ACC0078,81458,2023-02-11,01:08,192.168.1.24,7481260640,user32@example.com
C019,T00170,ACC0061,ACC0363,64634,2023-03-12,16:25,192.168.1.46,6212591176,user27@example.com
C002,T00171,ACC0324,ACC0256,15619,2023-05-30,06:27,192.168.1.34,6787254499,user19@example.com
C003,T00172,ACC0371,ACC0046,87864,2023-06-03,12:00,192.168.1.44,6364271968,user2@example.com
C004,T00173,ACC0167,ACC0385,79587,2023-02-18,04:13,192.168.1.18,9524267122,user81@example.com
C001,T00174,ACC0379,ACC0385,73917,2023-05-15,02:03,192.168.1.22,9919786559,user9@example.com
C020,T00175,ACC0206,ACC0097,25697,2023-02-14,13:15,192.168.1.31,8614333799,user84@example.com
C014,T00176,ACC0235,ACC0178,96008,2023-02-03,19:05,192.168.1.11,6556220817,user29@example.com
C003,T00177,ACC0176,ACC0065,46986,2023-01-27,17:37,192.168.1.3,8759217831,user68@example.com
C013,T00178,ACC0104,ACC0372,40798,2023-01-20,22:20,192.168.1.33,7551777988,user43@example.com
C003,T00179,ACC0034,ACC0353,52053,2023-02-02,09:33,192.168.1.25,8266061295,user44@example.com
C005,T00180,ACC0382,ACC0279,79639,2023-05-04,17:39,192.168.1.9,8681135640,user56@example.com
C014,T00181,ACC0488,ACC0410,90342,2023-03-08,19:37,192.168.1.39,8774650162,user6@example.com
C013,T00182,ACC0018,ACC0149,40076,2023-05-13,12:57,192.168.1.15,6102534458,user76@example.com
C020,T00183,ACC0347,ACC0312,43188,2023-05-04,17:14,192.168.1.48,7971860251,user36@example.com
C020,T00184,ACC0347,ACC0392,28120,2023-04-12,10:25,192.168.1.12,7576593210,user16@example.com
C019,T00185,ACC0464,ACC0153,55771,2023-02-11,21:49,192.168.1.20,6652921161,user73@example.com
C016,T00186,ACC0052,ACC0279,50393,2023-03-06,09:40,192.168.1.47,6102534458,user33@example.com
C004,T00187,ACC0272,ACC0058,42033,2023-02-21,00:12,192.168.1.30,6759158527,user44@example.com
C005,T00188,ACC0272,ACC0205,67626,2023-02-16,09:03,192.168.1.30,8564248902,user20@example.com
C018,T00189,ACC0284,ACC0335,75739,2023-03-15,10:58,192.168.1.49,8266731132,user58@example.com
C017,T00190,ACC0474,ACC0377,41917,2023-01-29,08:22,192.168.1.42,6640825635,user13@example.com
C002,T00191,ACC0245,ACC0308,24808,2023-01-07,22:21,192.168.1.37,7097967409,user28@example.com
C003,T00192,ACC0105,ACC0419,98794,2023-02-08,18:16,192.168.1.3,7079007777,user13@example.com
C009,T00193,ACC0230,ACC0107,7548,2023-06-28,20:26,192.168.1.30,6453930471,user98@example.com
C004,T00194,ACC0302,ACC0407,84511,2023-03-09,06:30,192.168.1.15,7428851976,user70@example.com
C020,T00195,ACC0191,ACC0370,51651,2023-01-13,14:11,192.168.1.13,9992380683,user10@example.com
C003,T00196,ACC0127,ACC0101,88122,2023-03-29,15:53,192.168.1.19,7097967409,user28@example.com
C017,T00197,ACC0353,ACC0126,87874,2023-06-03,12:32,192.168.1.11,9790704115,user27@example.com
C018,T00198,ACC0167,ACC0241,76877,2023-06-29,15:22,192.168.1.31,6265275990,user20@example.com
C004,T00199,ACC0216,ACC0308,30167,2023-06-14,16:35,192.168.1.14,9239123098,user98@example.com
C017,T00200,ACC0277,ACC0328,81969,2023-06-06,07:33,192.168.1.4,9481505619,user87@example.com
C015,T00201,ACC0060,ACC0294,99375,2023-02-14,01:18,192.168.1.18,6256720444,user52@example.com
C009,T00202,ACC0450,ACC0272,93578,2023-05-23,04:39,192.168.1.16,8266731132,user100@example.com
C016,T00203,ACC0073,ACC0396,9474,2023-06-04,13:22,192.168.1.25,7353435606,user35@example.com
C013,T00204,ACC0408,ACC0313,87017,2023-03-08,05:12,192.168.1.28,6535183618,user90@example.com
C012,T00205,ACC0129,ACC0220,20215,2023-04-27,00:18,192.168.1.43,8292127919,user95@example.com
C014,T00206,ACC0474,ACC0224,79773,2023-05-19,22:20,192.168.1.28,7065339454,user73@example.com
C010,T00207,ACC0035,ACC0489,2923,2023-03-10,19:53,192.168.1.12,8875636835,user72@example.com
C007,T00208,ACC0329,ACC0166,9040,2023-01-05,01:27,192.168.1.50,6453930471,user63@example.com
C009,T00209,ACC0007,ACC0016,78930,2023-05-20,15:56,192.168.1.35,9481505619,user95@example.com
C017,T00210,ACC0130,ACC0431,74999,2023-02-06,06:49,192.168.1.38,8774650162,user36@example.com
C009,T00211,ACC0028,ACC0475,61957,2023-04-06,03:48,192.168.1.3,6683783878,user31@example.com
C010,T00212,ACC0472,ACC0162,52773,2023-02-20,03:39,192.168.1.35,7800468073,user62@example.com
C018,T00213,ACC0141,ACC0364,60228,2023-03-18,13:34,192.168.1.10,8851543327,user28@example.com
C012,T00214,ACC0460,ACC0134,21092,2023-04-17,07:37,192.168.1.4,8851543327,user22@example.com
C007,T00215,ACC0019,ACC0452,16846,2023-04-07,22:35,192.168.1.17,8484887910,user21@example.com
C012,T00216,ACC0413,ACC0450,91482,2023-03-20,02:23,192.168.1.11,8759217831,user68@example.com
C001,T00217,ACC0299,ACC0119,33921,2023-05-26,14:52,192.168.1.40,8786001402,user24@example.com
C005,T00218,ACC0341,ACC0185,58305,2023-01-06,14:01,192.168.1.17,8332804232,user68@example.com
C015,T00219,ACC0435,ACC0335,22619,2023-03-06,03:34,192.168.1.1,7833862491,user88@example.com
C006,T00220,ACC0460,ACC0338,86547,2023-02-27,07:11,192.168.1.4,6159853865,user22@example.com
C003,T00221,ACC0425,ACC0022,83413,2023-02-15,19:07,192.168.1.46,6652921161,user38@example.com
C019,T00222,ACC0385,ACC0212,3602,2023-04-21,09:00,192.168.1.31,6256720444,user54@example.com
C020,T00223,ACC0133,ACC0198,89306,2023-04-12,18:01,192.168.1.40,8266061295,user35@example.com
C014,T00224,ACC0351,ACC0482,37457,2023-03-29,04:42,192.168.1.5,8614333799,user88@example.com
C012,T00225,ACC0436,ACC0425,44684,2023-01-14,09:34,192.168.1.43,7304487890,user100@example.com
C020,T00226,ACC0462,ACC0064,97817,2023-03-12,09:32,192.168.1.40,7863677453,user22@example.com
C003,T00227,ACC0470,ACC0405,93128,2023-06-01,08:39,192.168.1.6,7723975431,user91@example.com
C016,T00228,ACC0183,ACC0198,90873,2023-01-21,21:12,192.168.1.24,7166156988,user100@example.com
C001,T00229,ACC0474,ACC0444,60103,2023-04-16,23:39,192.168.1.28,9791498276,user87@example.com
C020,T00230,ACC0147,ACC0338,42346,2023-03-26,18:10,192.168.1.2,8774650162,user66@example.com
C003,T00231,ACC0209,ACC0476,95775,2023-02-09,17:38,192.168.1.3,6690167049,user89@example.com
C002,T00232,ACC0374,ACC0382,45736,2023-06-12,13:03,192.168.1.11,8614333799,user49@example.com
C008,T00233,ACC0338,ACC0178,38820,2023-05-21,12:15,192.168.1.14,8310891037,user16@example.com
C015,T00234,ACC0235,ACC0443,46464,2023-02-26,14:01,192.168.1.6,7166156988,user17@example.com
C019,T00235,ACC0278,ACC0118,19119,2023-03-02,04:08,192.168.1.35,7833862491,user12@example.com
C009,T00236,ACC0440,ACC0145,71672,2023-02-02,09:13,192.168.1.40,8100463831,user29@example.com
C009,T00237,ACC0372,ACC0441,95226,2023-01-03,01:10,192.168.1.43,8681135640,user75@example.com
C013,T00238,ACC0115,ACC0076,10206,2023-03-19,14:59,192.168.1.34,7304487890,user44@example.com
C010,T00239,ACC0466,ACC0492,20674,2023-05-20,16:32,192.168.1.1,8316770490,user29@example.com
C016,T00240,ACC0154,ACC0227,59891,2023-04-30,06:25,192.168.1.4,9424753779,user19@example.com
C003,T00241,ACC0198,ACC0378,18891,2023-01-08,20:10,192.168.1.20,7576593210,user78@example.com
C010,T00242,ACC0009,ACC0032,38107,2023-04-18,03:31,192.168.1.16,6343121319,user44@example.com
C003,T00243,ACC0470,ACC0410,95603,2023-06-25,15:32,192.168.1.43,7723975431,user6@example.com
C013,T00244,ACC0131,ACC0091,9199,2023-06-06,07:24,192.168.1.22,6241776141,user16@example.com
C015,T00245,ACC0200,ACC0144,29396,2023-02-16,16:20,192.168.1.18,7166156988,user74@example.com
C007,T00246,ACC0214,ACC0465,4681,2023-02-07,07:35,192.168.1.28,6759158527,user29@example.com
C011,T00247,ACC0160,ACC0056,39278,2023-05-14,06:36,192.168.1.11,8875636835,user96@example.com
C004,T00248,ACC0457,ACC0193,29714,2023-01-09,18:42,192.168.1.8,9424753779,user37@example.com
C009,T00249,ACC0380,ACC0240,19653,2023-03-20,18:49,192.168.1.49,9992380683,user86@example.com
C012,T00250,ACC0441,ACC0477,6295,2023-05-14,23:07,192.168.1.24,6690167049,user29@example.com
C009,T00251,ACC0262,ACC0367,2648,2023-01-11,16:28,192.168.1.23,6343121319,user35@example.com
C013,T00252,ACC0411,ACC0467,92457,2023-01-05,09:31,192.168.1.44,9131228177,user53@example.com
C017,T00253,ACC0380,ACC0145,64498,2023-06-24,02:47,192.168.1.4,6690167049,user92@example.com
C009,T00254,ACC0168,ACC0285,59843,2023-06-17,19:48,192.168.1.7,7054675997,user76@example.com
C008,T00255,ACC0300,ACC0346,84123,2023-01-23,15:53,192.168.1.41,6453930471,user35@example.com
C005,T00256,ACC0486,ACC0495,37773,2023-02-17,15:15,192.168.1.24,7481260640,user72@example.com
C018,T00257,ACC0113,ACC0324,55731,2023-06-26,22:47,192.168.1.21,9829273911,user87@example.com
C011,T00258,ACC0399,ACC0437,69539,2023-03-06,13:04,192.168.1.5,6212591176,user7@example.com
C005,T00259,ACC0208,ACC0305,40459,2023-03-15,12:25,192.168.1.28,7079007777,user35@example.com
C011,T00260,ACC0286,ACC0045,56480,2023-02-28,23:46,192.168.1.18,6127847302,user9@example.com
C001,T00261,ACC0418,ACC0239,65181,2023-04-05,08:25,192.168.1.16,9481505619,user78@example.com
C014,T00262,ACC0283,ACC0176,3311,2023-04-08,08:49,192.168.1.24,8564248902,user57@example.com
C017,T00263,ACC0196,ACC0363,53083,2023-02-14,05:47,192.168.1.46,7327439684,user76@example.com
C013,T00264,ACC0307,ACC0081,39199,2023-05-14,05:09,192.168.1.33,6102534458,user21@example.com
C009,T00265,ACC0183,ACC0311,94203,2023-04-12,09:06,192.168.1.30,7097967409,user16@example.com
C008,T00266,ACC0011,ACC0134,9859,2023-05-01,01:41,192.168.1.19,8774650162,user29@example.com
C013,T00267,ACC0105,ACC0156,3633,2023-02-05,13:22,192.168.1.7,6759158527,user19@example.com
C012,T00268,ACC0450,ACC0335,58869,2023-06-13,09:47,192.168.1.18,7971860251,user47@example.com
C013,T00269,ACC0373,ACC0239,83263,2023-04-13,11:53,192.168.1.18,6690167049,user85@example.com
C011,T00270,ACC0010,ACC0356,98783,2023-01-11,08:21,192.168.1.42,7054675997,user74@example.com
C020,T00271,ACC0024,ACC0467,38146,2023-06-08,19:11,192.168.1.36,6343121319,user56@example.com
C013,T00272,ACC0179,ACC0186,76273,2023-01-16,07:19,192.168.1.19,8100463831,user14@example.com
C005,T00273,ACC0029,ACC0112,28599,2023-01-25,05:28,192.168.1.11,7971860251,user6@example.com
C002,T00274,ACC0276,ACC0097,80245,2023-04-03,11:25,192.168.1.35,7428851976,user64@example.com
C003,T00275,ACC0355,ACC0230,98486,2023-05-24,03:40,192.168.1.7,6556220817,user75@example.com
C019,T00276,ACC0285,ACC0235,17910,2023-05-28,03:05,192.168.1.16,8332804232,user92@example.com
C013,T00277,ACC0166,ACC0202,96691,2023-03-26,22:56,192.168.1.46,7710898914,user94@example.com
C003,T00278,ACC0186,ACC0497,47855,2023-03-12,10:38,192.168.1.13,6683783878,user70@example.com
C016,T00279,ACC0316,ACC0140,98970,2023-06-12,16:19,192.168.1.23,9053720883,user29@example.com
C007,T00280,ACC0157,ACC0203,3096,2023-04-24,15:14,192.168.1.5,8681135640,user53@example.com
C008,T00281,ACC0026,ACC0352,14524,2023-01-20,00:20,192.168.1.39,8774650162,user62@example.com
C011,T00282,ACC0303,ACC0130,25112,2023-02-12,12:19,192.168.1.46,7304487890,user84@example.com
C001,T00283,ACC0108,ACC0338,66970,2023-01-28,23:01,192.168.1.21,8966336144,user91@example.com
C009,T00284,ACC0090,ACC0170,94500,2023-02-19,03:44,192.168.1.4,7327439684,user79@example.com
C017,T00285,ACC0089,ACC0478,52775,2023-01-13,07:49,192.168.1.15,6265275990,user73@example.com
C008,T00286,ACC0142,ACC0410,45153,2023-01-29,20:17,192.168.1.34,6241776141,user77@example.com
C018,T00287,ACC0482,ACC0078,54342,2023-05-02,06:47,192.168.1.8,9062918245,user3@example.com
C006,T00288,ACC0453,ACC0013,38682,2023-04-24,08:05,192.168.1.32,7065339454,user27@example.com
C016,T00289,ACC0432,ACC0213,37046,2023-04-27,19:32,192.168.1.1,7304487890,user50@example.com
C001,T00290,ACC0080,ACC0240,41945,2023-04-26,10:36,192.168.1.41,7800468073,user27@example.com
C017,T00291,ACC0424,ACC0491,12835,2023-01-09,23:42,192.168.1.21,6343121319,user62@example.com
C002,T00292,ACC0452,ACC0499,73607,2023-06-21,15:02,192.168.1.2,7141735120,user13@example.com
C020,T00293,ACC0318,ACC0349,22404,2023-03-22,15:23,192.168.1.10,8332804232,user93@example.com
C002,T00294,ACC0428,ACC0369,99178,2023-03-30,07:56,192.168.1.48,7341824550,user94@example.com
C015,T00295,ACC0415,ACC0103,55305,2023-06-15,06:41,192.168.1.22,8292127919,user26@example.com
C017,T00296,ACC0354,ACC0418,11364,2023-01-04,15:24,192.168.1.21,9131228177,user18@example.com
C018,T00297,ACC0338,ACC0479,92251,2023-03-16,11:23,192.168.1.26,9065427609,user15@example.com
C018,T00298,ACC0286,ACC0176,41716,2023-04-27,12:10,192.168.1.49,7141735120,user24@example.com
C020,T00299,ACC0311,ACC0452,36813,2023-04-29,00:10,192.168.1.37,8702670225,user77@example.com
C017,T00300,ACC0485,ACC0352,24524,2023-01-25,17:28,192.168.1.43,7710898914,user6@example.com
C014,T00301,ACC0372,ACC0198,98555,2023-05-26,17:28,192.168.1.2,8851543327,user38@example.com
C003,T00302,ACC0444,ACC0316,96297,2023-05-15,04:47,192.168.1.23,7472360950,user64@example.com
C017,T00303,ACC0388,ACC0121,16764,2023-04-07,09:35,192.168.1.2,7816748702,user5@example.com
C014,T00304,ACC0294,ACC0417,65620,2023-02-11,14:58,192.168.1.16,7065339454,user55@example.com
C006,T00305,ACC0175,ACC0189,83234,2023-06-22,16:01,192.168.1.8,9857742175,user93@example.com
C008,T00306,ACC0304,ACC0038,45257,2023-01-28,05:06,192.168.1.32,6256720444,user97@example.com
C004,T00307,ACC0356,ACC0108,39715,2023-05-22,08:28,192.168.1.6,6298832043,user26@example.com
C008,T00308,ACC0481,ACC0124,17064,2023-01-17,13:48,192.168.1.14,9596216699,user93@example.com
C001,T00309,ACC0173,ACC0098,86560,2023-04-13,02:59,192.168.1.39,9053720883,user62@example.com
C018,T00310,ACC0308,ACC0021,11151,2023-03-12,03:13,192.168.1.24,8310891037,user55@example.com
C017,T00311,ACC0293,ACC0428,41246,2023-02-05,23:36,192.168.1.34,7097967409,user27@example.com
C014,T00312,ACC0058,ACC0363,71892,2023-02-20,11:30,192.168.1.19,8681135640,user27@example.com
C002,T00313,ACC0044,ACC0369,93050,2023-01-04,22:52,192.168.1.23,6361615148,user47@example.com
C006,T00314,ACC0006,ACC0040,50979,2023-03-05,16:24,192.168.1.1,7998294103,user37@example.com
C009,T00315,ACC0264,ACC0317,73856,2023-04-02,17:41,192.168.1.12,9189562222,user7@example.com
C011,T00316,ACC0370,ACC0418,92432,2023-03-21,02:13,192.168.1.46,7971860251,user35@example.com
C017,T00317,ACC0210,ACC0255,53065,2023-03-31,21:47,192.168.1.6,7472360950,user86@example.com
C015,T00318,ACC0176,ACC0447,76528,2023-05-21,12:02,192.168.1.42,8851543327,user71@example.com
C017,T00319,ACC0187,ACC0427,21856,2023-06-27,12:57,192.168.1.39,6212591176,user48@example.com
C003,T00320,ACC0366,ACC0407,61136,2023-04-09,00:55,192.168.1.13,8759217831,user91@example.com
C001,T00321,ACC0464,ACC0098,64136,2023-01-11,12:15,192.168.1.8,9424753779,user65@example.com
C016,T00322,ACC0197,ACC0030,37106,2023-04-18,17:21,192.168.1.21,8286929404,user21@example.com
C006,T00323,ACC0202,ACC0370,78583,2023-05-02,14:29,192.168.1.35,6640825635,user42@example.com
C013,T00324,ACC0279,ACC0014,95161,2023-04-18,07:21,192.168.1.29,7723975431,user87@example.com
C017,T00325,ACC0171,ACC0033,3119,2023-02-01,03:43,192.168.1.17,8759217831,user69@example.com
C019,T00326,ACC0098,ACC0418,54688,2023-05-15,06:49,192.168.1.5,8618485975,user18@example.com
C014,T00327,ACC0174,ACC0069,50914,2023-04-08,07:56,192.168.1.31,9012886331,user23@example.com
C011,T00328,ACC0183,ACC0167,71913,2023-02-03,05:40,192.168.1.24,7472360950,user29@example.com
C010,T00329,ACC0167,ACC0458,32874,2023-01-23,13:12,192.168.1.47,9790704115,user4@example.com
C020,T00330,ACC0099,ACC0469,18044,2023-02-21,07:12,192.168.1.14,7141735120,user18@example.com
C013,T00331,ACC0188,ACC0299,18097,2023-01-27,23:24,192.168.1.17,7379961739,user50@example.com
C005,T00332,ACC0022,ACC0144,28995,2023-01-08,04:55,192.168.1.42,8786001402,user48@example.com
C013,T00333,ACC0063,ACC0244,45285,2023-03-23,19:18,192.168.1.6,9992380683,user68@example.com
C016,T00334,ACC0378,ACC0271,43520,2023-06-11,14:05,192.168.1.16,9424753779,user100@example.com
C008,T00335,ACC0092,ACC0049,39305,2023-06-10,04:03,192.168.1.26,6877612879,user94@example.com
C020,T00336,ACC0122,ACC0279,35918,2023-04-29,21:40,192.168.1.8,7353435606,user74@example.com
C019,T00337,ACC0196,ACC0492,47431,2023-05-18,21:27,192.168.1.49,8100463831,user59@example.com
C014,T00338,ACC0255,ACC0087,23040,2023-06-16,05:18,192.168.1.35,7551777988,user64@example.com
C007,T00339,ACC0023,ACC0010,58621,2023-02-10,14:44,192.168.1.31,6634379272,user65@example.com
C020,T00340,ACC0342,ACC0381,79058,2023-03-15,01:26,192.168.1.11,9131228177,user65@example.com
C014,T00341,ACC0249,ACC0331,53919,2023-03-17,04:03,192.168.1.41,9287040903,user42@example.com
C010,T00342,ACC0052,ACC0477,7169,2023-05-08,12:28,192.168.1.45,9791498276,user81@example.com
C001,T00343,ACC0005,ACC0054,92993,2023-04-12,00:19,192.168.1.13,8286929404,user7@example.com
C001,T00344,ACC0004,ACC0042,3019,2023-02-28,15:28,192.168.1.27,6714334365,user58@example.com
C006,T00345,ACC0378,ACC0151,67995,2023-06-21,04:12,192.168.1.30,9239123098,user50@example.com
C018,T00346,ACC0002,ACC0023,51095,2023-02-09,12:39,192.168.1.47,9992380683,user9@example.com
C012,T00347,ACC0352,ACC0332,32008,2023-05-03,18:02,192.168.1.30,8490349932,user42@example.com
C003,T00348,ACC0264,ACC0385,49359,2023-02-20,20:31,192.168.1.2,8316770490,user51@example.com
C010,T00349,ACC0123,ACC0195,86098,2023-05-13,21:44,192.168.1.38,8310891037,user92@example.com
C013,T00350,ACC0147,ACC0072,5565,2023-01-01,16:07,192.168.1.38,7079007777,user88@example.com
C014,T00351,ACC0123,ACC0346,13892,2023-06-11,05:25,192.168.1.13,8509012347,user1@example.com
C014,T00352,ACC0433,ACC0343,12131,2023-04-18,23:52,192.168.1.17,6640825635,user20@example.com
C010,T00353,ACC0348,ACC0132,83950,2023-02-05,19:28,192.168.1.45,6787254499,user48@example.com
C005,T00354,ACC0173,ACC0394,20317,2023-03-05,00:27,192.168.1.19,8564248902,user31@example.com
C001,T00355,ACC0033,ACC0322,30259,2023-02-02,01:48,192.168.1.34,9189562222,user74@example.com
C019,T00356,ACC0353,ACC0245,76821,2023-01-17,07:45,192.168.1.44,6841343779,user27@example.com
C008,T00357,ACC0118,ACC0080,85353,2023-04-24,15:24,192.168.1.45,6127847302,user2@example.com
C018,T00358,ACC0349,ACC0056,81832,2023-05-13,22:53,192.168.1.32,7428851976,user69@example.com
C016,T00359,ACC0021,ACC0182,73347,2023-06-22,13:17,192.168.1.43,6343121319,user43@example.com
C004,T00360,ACC0389,ACC0034,64636,2023-05-30,04:58,192.168.1.8,7551777988,user55@example.com
C011,T00361,ACC0352,ACC0266,25850,2023-03-14,08:47,192.168.1.13,6361615148,user56@example.com
C019,T00362,ACC0306,ACC0141,27904,2023-05-29,15:46,192.168.1.10,6597366321,user87@example.com
C020,T00363,ACC0245,ACC0458,86055,2023-06-05,21:02,192.168.1.48,8310891037,user32@example.com
C018,T00364,ACC0343,ACC0181,76392,2023-05-26,08:58,192.168.1.35,6652921161,user17@example.com
C019,T00365,ACC0222,ACC0124,84420,2023-01-07,03:10,192.168.1.1,8292127919,user90@example.com
C016,T00366,ACC0430,ACC0115,17531,2023-06-20,19:54,192.168.1.29,6364271968,user11@example.com
C009,T00367,ACC0146,ACC0059,12592,2023-02-23,10:17,192.168.1.33,9732472035,user19@example.com
C015,T00368,ACC0141,ACC0440,4272,2023-03-09,19:12,192.168.1.11,6787254499,user45@example.com
C003,T00369,ACC0028,ACC0042,13488,2023-02-22,01:20,192.168.1.7,8618485975,user76@example.com
C013,T00370,ACC0404,ACC0073,24831,2023-05-19,08:14,192.168.1.32,7998294103,user10@example.com
C009,T00371,ACC0262,ACC0330,38222,2023-06-24,08:14,192.168.1.13,6841343779,user22@example.com
C001,T00372,ACC0137,ACC0152,67295,2023-03-24,18:05,192.168.1.32,8786001402,user78@example.com
C009,T00373,ACC0064,ACC0190,13343,2023-06-23,13:13,192.168.1.7,9596216699,user79@example.com
C002,T00374,ACC0128,ACC0190,9953,2023-06-05,08:40,192.168.1.45,6556220817,user3@example.com
C015,T00375,ACC0352,ACC0349,97742,2023-04-22,13:26,192.168.1.12,8904300116,user63@example.com
C014,T00376,ACC0122,ACC0222,25180,2023-05-01,15:13,192.168.1.27,7481260640,user51@example.com
C005,T00377,ACC0193,ACC0291,28431,2023-04-27,07:56,192.168.1.19,6212591176,user15@example.com
C010,T00378,ACC0186,ACC0436,96774,2023-03-11,09:23,192.168.1.11,6556220817,user80@example.com
C012,T00379,ACC0154,ACC0264,29505,2023-02-10,06:50,192.168.1.4,8759217831,user84@example.com
C004,T00380,ACC0058,ACC0426,12281,2023-02-07,12:32,192.168.1.3,6759158527,user83@example.com
C015,T00381,ACC0099,ACC0028,77417,2023-03-16,15:34,192.168.1.48,6535183618,user39@example.com
C014,T00382,ACC0133,ACC0136,85806,2023-04-10,09:17,192.168.1.12,9524267122,user68@example.com
C015,T00383,ACC0182,ACC0061,78038,2023-04-22,06:23,192.168.1.40,6102534458,user60@example.com
C014,T00384,ACC0071,ACC0108,79509,2023-06-25,15:17,192.168.1.6,6683783878,user53@example.com
C011,T00385,ACC0318,ACC0263,34114,2023-04-18,10:45,192.168.1.8,9131228177,user8@example.com
C007,T00386,ACC0097,ACC0396,59520,2023-03-26,13:34,192.168.1.12,6361615148,user17@example.com
C010,T00387,ACC0132,ACC0167,58352,2023-04-25,17:17,192.168.1.40,8875636835,user27@example.com
C004,T00388,ACC0116,ACC0440,13551,2023-04-18,22:15,192.168.1.18,7512704154,user75@example.com
C002,T00389,ACC0342,ACC0486,28243,2023-05-10,08:37,192.168.1.2,6841343779,user87@example.com
C017,T00390,ACC0274,ACC0382,11672,2023-03-07,20:36,192.168.1.6,9919786559,user98@example.com
C013,T00391,ACC0397,ACC0032,74565,2023-06-06,05:24,192.168.1.19,8786001402,user15@example.com
C012,T00392,ACC0483,ACC0481,8896,2023-03-03,14:23,192.168.1.44,7472360950,user37@example.com
C001,T00393,ACC0233,ACC0323,78981,2023-03-12,13:47,192.168.1.8,8966336144,user64@example.com
C018,T00394,ACC0393,ACC0480,15840,2023-01-14,19:12,192.168.1.35,6640825635,user26@example.com
C004,T00395,ACC0468,ACC0339,99042,2023-03-04,06:23,192.168.1.37,9524267122,user53@example.com
C017,T00396,ACC0183,ACC0355,21497,2023-02-26,11:24,192.168.1.24,7097967409,user39@example.com
C020,T00397,ACC0051,ACC0317,97654,2023-02-27,22:11,192.168.1.49,8851543327,user11@example.com
C002,T00398,ACC0302,ACC0233,28196,2023-03-24,04:27,192.168.1.35,6241776141,user60@example.com
C004,T00399,ACC0324,ACC0170,25814,2023-06-27,00:19,192.168.1.40,9012886331,user75@example.com
C004,T00400,ACC0226,ACC0144,76806,2023-01-16,17:02,192.168.1.27,8702670225,user54@example.com
C002,T00401,ACC0174,ACC0233,49717,2023-01-29,06:31,192.168.1.22,8310891037,user86@example.com
C009,T00402,ACC0084,ACC0467,52281,2023-03-11,09:48,192.168.1.15,8774650162,user36@example.com
C019,T00403,ACC0307,ACC0021,54534,2023-05-11,01:58,192.168.1.39,7723975431,user81@example.com
C013,T00404,ACC0464,ACC0291,16355,2023-03-11,09:29,192.168.1.49,9239123098,user65@example.com
C013,T00405,ACC0343,ACC0417,52994,2023-06-07,15:26,192.168.1.12,8286929404,user45@example.com
C009,T00406,ACC0219,ACC0468,92180,2023-02-27,05:19,192.168.1.46,8786001402,user80@example.com
C004,T00407,ACC0290,ACC0489,25056,2023-06-09,09:07,192.168.1.14,8851543327,user56@example.com
C015,T00408,ACC0138,ACC0020,50929,2023-05-11,18:11,192.168.1.28,7097967409,user37@example.com
C013,T00409,ACC0489,ACC0240,88754,2023-02-04,10:18,192.168.1.10,7998294103,user24@example.com
C007,T00410,ACC0088,ACC0023,49565,2023-03-27,10:28,192.168.1.14,8342648194,user28@example.com
C019,T00411,ACC0344,ACC0162,85910,2023-04-29,11:59,192.168.1.6,9829273911,user80@example.com
C013,T00412,ACC0257,ACC0044,37209,2023-06-02,17:40,192.168.1.24,8851543327,user88@example.com
C002,T00413,ACC0314,ACC0343,10996,2023-04-21,23:55,192.168.1.29,7512704154,user5@example.com
C018,T00414,ACC0207,ACC0475,36564,2023-05-05,06:27,192.168.1.9,8484887910,user59@example.com
C018,T00415,ACC0211,ACC0497,28372,2023-01-03,17:01,192.168.1.46,7833862491,user28@example.com
C017,T00416,ACC0313,ACC0038,49042,2023-02-05,02:23,192.168.1.41,8851543327,user31@example.com
C015,T00417,ACC0057,ACC0432,53335,2023-01-03,13:13,192.168.1.9,8100463831,user33@example.com
C015,T00418,ACC0050,ACC0124,37832,2023-01-12,08:40,192.168.1.19,9287040903,user11@example.com
C011,T00419,ACC0473,ACC0162,57713,2023-05-21,21:04,192.168.1.44,7166156988,user64@example.com
C016,T00420,ACC0125,ACC0309,63432,2023-05-17,12:36,192.168.1.17,8759217831,user31@example.com
C011,T00421,ACC0112,ACC0369,44755,2023-02-24,15:45,192.168.1.19,6841343779,user39@example.com
C013,T00422,ACC0226,ACC0070,29832,2023-05-10,13:07,192.168.1.38,6241776141,user91@example.com
C014,T00423,ACC0268,ACC0241,99267,2023-01-12,01:20,192.168.1.2,9829273911,user32@example.com
C006,T00424,ACC0194,ACC0113,11943,2023-02-21,05:52,192.168.1.21,6298832043,user20@example.com
C020,T00425,ACC0228,ACC0240,32805,2023-04-25,05:42,192.168.1.29,9131228177,user74@example.com
C014,T00426,ACC0066,ACC0051,44480,2023-04-06,18:25,192.168.1.38,7472360950,user65@example.com
C015,T00427,ACC0342,ACC0063,26501,2023-04-11,08:57,192.168.1.3,8614333799,user34@example.com
C009,T00428,ACC0395,ACC0496,36695,2023-01-30,14:32,192.168.1.28,7481260640,user17@example.com
C009,T00429,ACC0203,ACC0112,10487,2023-06-11,07:42,192.168.1.27,6343121319,user36@example.com
C002,T00430,ACC0115,ACC0393,45341,2023-06-18,01:13,192.168.1.50,6713738693,user79@example.com
C008,T00431,ACC0342,ACC0163,79124,2023-05-31,13:47,192.168.1.20,6075693840,user63@example.com
C002,T00432,ACC0288,ACC0050,84685,2023-01-08,14:14,192.168.1.27,9524267122,user29@example.com
C020,T00433,ACC0145,ACC0417,24728,2023-04-03,18:02,192.168.1.3,8875636835,user75@example.com
C013,T00434,ACC0249,ACC0114,41306,2023-06-25,04:30,192.168.1.39,6159853865,user87@example.com
C008,T00435,ACC0330,ACC0463,89191,2023-04-09,01:42,192.168.1.9,6877612879,user16@example.com
C007,T00436,ACC0069,ACC0314,96583,2023-03-13,12:24,192.168.1.4,9424753779,user18@example.com
C013,T00437,ACC0360,ACC0003,37232,2023-05-11,05:41,192.168.1.33,6652921161,user65@example.com
C009,T00438,ACC0107,ACC0362,12271,2023-04-09,17:37,192.168.1.43,8509012347,user84@example.com
C013,T00439,ACC0406,ACC0070,93246,2023-02-23,07:25,192.168.1.25,8966336144,user96@example.com
C017,T00440,ACC0033,ACC0227,50366,2023-06-26,16:04,192.168.1.42,6683783878,user71@example.com
C015,T00441,ACC0495,ACC0020,31678,2023-05-10,19:14,192.168.1.33,8904300116,user97@example.com
C002,T00442,ACC0423,ACC0154,70753,2023-02-02,21:13,192.168.1.46,8875636835,user37@example.com
C003,T00443,ACC0111,ACC0315,85002,2023-04-20,18:25,192.168.1.7,6241776141,user60@example.com
C018,T00444,ACC0190,ACC0303,77682,2023-04-20,13:52,192.168.1.21,6556220817,user3@example.com
C007,T00445,ACC0175,ACC0150,3459,2023-06-29,07:49,192.168.1.47,8316770490,user73@example.com
C002,T00446,ACC0004,ACC0145,32555,2023-05-18,08:51,192.168.1.47,9053720883,user19@example.com
C016,T00447,ACC0399,ACC0262,75752,2023-03-14,22:30,192.168.1.19,8292127919,user74@example.com
C010,T00448,ACC0283,ACC0056,20852,2023-05-07,00:11,192.168.1.48,8292127919,user2@example.com
C008,T00449,ACC0287,ACC0311,54851,2023-06-19,21:46,192.168.1.1,9992380683,user2@example.com
C015,T00450,ACC0375,ACC0085,71345,2023-05-01,23:38,192.168.1.39,8966336144,user70@example.com
C005,T00451,ACC0210,ACC0296,77519,2023-05-20,12:30,192.168.1.10,6127847302,user64@example.com
C020,T00452,ACC0250,ACC0417,60993,2023-06-16,00:15,192.168.1.16,8681135640,user98@example.com
C015,T00453,ACC0155,ACC0498,40450,2023-04-16,11:32,192.168.1.41,6841343779,user48@example.com
C008,T00454,ACC0093,ACC0451,14622,2023-01-06,10:35,192.168.1.1,6102534458,user15@example.com
C020,T00455,ACC0467,ACC0096,32874,2023-02-12,10:49,192.168.1.30,6841343779,user16@example.com
C017,T00456,ACC0140,ACC0306,13819,2023-01-16,08:09,192.168.1.46,8094684812,user18@example.com
C015,T00457,ACC0267,ACC0135,17177,2023-05-06,12:22,192.168.1.43,6640825635,user43@example.com
C020,T00458,ACC0448,ACC0087,56359,2023-04-09,20:08,192.168.1.39,8618485975,user43@example.com
C012,T00459,ACC0181,ACC0224,82165,2023-04-13,17:52,192.168.1.18,8786001402,user83@example.com
C010,T00460,ACC0171,ACC0061,64774,2023-04-06,01:04,192.168.1.49,8490349932,user59@example.com
C011,T00461,ACC0295,ACC0287,44581,2023-01-23,16:10,192.168.1.19,6787254499,user84@example.com
C001,T00462,ACC0047,ACC0127,88786,2023-04-08,04:09,192.168.1.36,8490349932,user96@example.com
C015,T00463,ACC0159,ACC0491,58437,2023-01-07,16:41,192.168.1.4,8875636835,user51@example.com
C019,T00464,ACC0187,ACC0235,8581,2023-05-18,21:12,192.168.1.50,9919786559,user97@example.com
C019,T00465,ACC0049,ACC0165,85964,2023-04-19,12:00,192.168.1.50,9287040903,user77@example.com
C008,T00466,ACC0269,ACC0220,52928,2023-06-29,18:16,192.168.1.44,8332804232,user9@example.com
C002,T00467,ACC0095,ACC0011,88373,2023-01-15,07:46,192.168.1.37,6453930471,user94@example.com
C018,T00468,ACC0108,ACC0168,16810,2023-05-07,12:25,192.168.1.40,8484887910,user3@example.com
C009,T00469,ACC0220,ACC0209,13138,2023-04-23,19:59,192.168.1.15,6339920824,user7@example.com
C010,T00470,ACC0341,ACC0347,23371,2023-04-12,07:06,192.168.1.44,7054675997,user42@example.com
C003,T00471,ACC0172,ACC0090,32020,2023-04-25,00:45,192.168.1.12,6339920824,user54@example.com
C016,T00472,ACC0493,ACC0168,10644,2023-05-11,09:11,192.168.1.30,6683783878,user98@example.com
C001,T00473,ACC0041,ACC0280,94103,2023-01-15,06:51,192.168.1.5,9919786559,user8@example.com
C014,T00474,ACC0406,ACC0375,13197,2023-04-03,14:34,192.168.1.4,9239123098,user85@example.com
C020,T00475,ACC0460,ACC0037,79082,2023-02-18,12:35,192.168.1.50,6339920824,user9@example.com
C012,T00476,ACC0330,ACC0348,76882,2023-04-23,10:28,192.168.1.43,9596216699,user7@example.com
C012,T00477,ACC0025,ACC0212,45555,2023-05-28,18:52,192.168.1.32,9524267122,user58@example.com
C012,T00478,ACC0372,ACC0159,31507,2023-02-16,12:55,192.168.1.34,8094684812,user41@example.com
C003,T00479,ACC0371,ACC0449,36201,2023-06-28,04:12,192.168.1.20,9790704115,user100@example.com
C017,T00480,ACC0488,ACC0423,41374,2023-06-01,15:12,192.168.1.50,7379961739,user13@example.com
C016,T00481,ACC0407,ACC0191,52266,2023-02-07,11:44,192.168.1.34,8100463831,user43@example.com
C004,T00482,ACC0302,ACC0297,39743,2023-03-04,06:36,192.168.1.24,7054675997,user68@example.com
C016,T00483,ACC0055,ACC0337,8112,2023-02-21,14:37,192.168.1.21,9053720883,user27@example.com
C018,T00484,ACC0025,ACC0361,10553,2023-06-07,18:14,192.168.1.32,7710898914,user29@example.com
C005,T00485,ACC0250,ACC0204,26858,2023-01-20,14:35,192.168.1.4,7141735120,user77@example.com
C003,T00486,ACC0259,ACC0392,29557,2023-06-02,15:01,192.168.1.2,8681135640,user44@example.com
C007,T00487,ACC0359,ACC0321,86567,2023-04-06,06:06,192.168.1.42,6787254499,user7@example.com
C018,T00488,ACC0415,ACC0057,75338,2023-02-06,05:53,192.168.1.48,9131228177,user59@example.com
C001,T00489,ACC0386,ACC0404,65812,2023-02-04,19:07,192.168.1.17,8904300116,user39@example.com
C012,T00490,ACC0114,ACC0438,74442,2023-02-26,12:06,192.168.1.23,8342648194,user69@example.com
C003,T00491,ACC0466,ACC0297,21203,2023-04-18,08:42,192.168.1.13,6453930471,user24@example.com
C010,T00492,ACC0067,ACC0187,12753,2023-04-04,04:43,192.168.1.34,6877612879,user31@example.com
C020,T00493,ACC0061,ACC0126,27124,2023-05-09,05:45,192.168.1.49,7971860251,user81@example.com
C004,T00494,ACC0447,ACC0041,52772,2023-05-04,20:05,192.168.1.38,8266731132,user66@example.com
C020,T00495,ACC0331,ACC0169,69880,2023-04-23,11:52,192.168.1.34,6361615148,user13@example.com
C013,T00496,ACC0108,ACC0412,54753,2023-01-25,08:08,192.168.1.20,8966336144,user14@example.com
C017,T00497,ACC0136,ACC0430,54990,2023-02-10,07:28,192.168.1.14,7481260640,user6@example.com
C016,T00498,ACC0090,ACC0401,50076,2023-01-15,15:07,192.168.1.1,9062918245,user39@example.com
C006,T00499,ACC0054,ACC0046,22466,2023-02-19,02:28,192.168.1.22,6652921161,user96@example.com
C016,T00500,ACC0294,ACC0160,64142,2023-06-10,16:32,192.168.1.2,8786001402,user16@example.com
C007,T00501,ACC0130,ACC0311,94033,2023-01-27,13:44,192.168.1.7,6212591176,user78@example.com
C016,T00502,ACC0477,ACC0362,39553,2023-01-18,14:02,192.168.1.3,6256720444,user20@example.com
C003,T00503,ACC0010,ACC0344,41660,2023-02-25,03:14,192.168.1.33,8702670225,user84@example.com
C014,T00504,ACC0287,ACC0492,27267,2023-05-13,20:45,192.168.1.9,7551777988,user33@example.com
C006,T00505,ACC0311,ACC0358,17086,2023-02-10,09:00,192.168.1.2,8774650162,user86@example.com
C015,T00506,ACC0386,ACC0198,75110,2023-01-29,04:46,192.168.1.13,7998294103,user10@example.com
C014,T00507,ACC0119,ACC0267,87441,2023-01-13,11:23,192.168.1.25,8292127919,user5@example.com
C007,T00508,ACC0362,ACC0389,39491,2023-01-18,13:24,192.168.1.33,6159853865,user5@example.com
C013,T00509,ACC0236,ACC0353,91988,2023-02-23,18:27,192.168.1.39,8564248902,user86@example.com
C004,T00510,ACC0431,ACC0115,61012,2023-04-24,05:03,192.168.1.26,9239123098,user3@example.com
C016,T00511,ACC0160,ACC0406,80114,2023-01-13,21:12,192.168.1.38,8332804232,user96@example.com
C005,T00512,ACC0021,ACC0196,16262,2023-03-14,20:23,192.168.1.36,9790704115,user43@example.com
C014,T00513,ACC0134,ACC0103,57318,2023-05-10,13:28,192.168.1.41,8100463831,user75@example.com
C001,T00514,ACC0116,ACC0061,87458,2023-04-06,06:48,192.168.1.45,8564248902,user50@example.com
C007,T00515,ACC0027,ACC0151,94169,2023-01-19,12:33,192.168.1.11,7971860251,user53@example.com
C006,T00516,ACC0057,ACC0058,81927,2023-05-24,01:29,192.168.1.20,8966336144,user19@example.com
C006,T00517,ACC0007,ACC0209,49665,2023-01-25,05:36,192.168.1.26,7428851976,user55@example.com
C011,T00518,ACC0496,ACC0207,60907,2023-02-24,06:00,192.168.1.12,7971860251,user22@example.com
C003,T00519,ACC0221,ACC0002,96012,2023-01-18,16:29,192.168.1.28,9131228177,user21@example.com
C001,T00520,ACC0352,ACC0091,34609,2023-06-08,16:40,192.168.1.26,7097967409,user47@example.com
C005,T00521,ACC0037,ACC0218,55570,2023-01-28,12:46,192.168.1.24,7141735120,user25@example.com
C013,T00522,ACC0441,ACC0448,37650,2023-03-12,17:57,192.168.1.6,6364271968,user41@example.com
C006,T00523,ACC0067,ACC0120,19913,2023-01-11,17:26,192.168.1.36,6343121319,user26@example.com
C008,T00524,ACC0267,ACC0076,32579,2023-01-05,15:30,192.168.1.18,9857742175,user83@example.com
C007,T00525,ACC0195,ACC0068,14577,2023-05-13,05:28,192.168.1.23,8759217831,user94@example.com
C016,T00526,ACC0081,ACC0454,11681,2023-04-20,13:28,192.168.1.40,6713738693,user74@example.com
C003,T00527,ACC0023,ACC0301,40609,2023-03-02,09:55,192.168.1.27,7065339454,user72@example.com
C003,T00528,ACC0275,ACC0300,8289,2023-04-26,20:09,192.168.1.6,7141735120,user70@example.com
C015,T00529,ACC0352,ACC0449,91272,2023-03-10,00:19,192.168.1.45,9287040903,user50@example.com
C003,T00530,ACC0067,ACC0339,12029,2023-06-18,12:35,192.168.1.30,9481505619,user88@example.com
C012,T00531,ACC0097,ACC0271,33623,2023-01-22,12:22,192.168.1.32,6787254499,user49@example.com
C018,T00532,ACC0420,ACC0385,58480,2023-03-15,06:21,192.168.1.41,8786001402,user98@example.com
C003,T00533,ACC0156,ACC0013,13226,2023-04-04,19:15,192.168.1.34,8310891037,user71@example.com
C018,T00534,ACC0208,ACC0028,14419,2023-04-30,15:52,192.168.1.30,7141735120,user73@example.com
C008,T00535,ACC0243,ACC0344,65425,2023-01-07,16:29,192.168.1.46,6159853865,user37@example.com
C005,T00536,ACC0202,ACC0141,92182,2023-05-06,17:37,192.168.1.48,7054675997,user91@example.com
C017,T00537,ACC0376,ACC0419,58551,2023-06-12,00:09,192.168.1.7,7481260640,user44@example.com
C002,T00538,ACC0031,ACC0139,60119,2023-03-04,23:25,192.168.1.48,7749388328,user60@example.com
C016,T00539,ACC0190,ACC0392,25032,2023-03-23,07:45,192.168.1.15,9239123098,user9@example.com
C015,T00540,ACC0166,ACC0051,60106,2023-01-09,19:23,192.168.1.30,8851543327,user18@example.com
C019,T00541,ACC0284,ACC0306,84423,2023-01-13,18:17,192.168.1.37,8266731132,user67@example.com
C009,T00542,ACC0100,ACC0029,80139,2023-04-23,02:08,192.168.1.23,9053720883,user8@example.com
C015,T00543,ACC0343,ACC0405,41301,2023-06-23,09:39,192.168.1.29,9732472035,user6@example.com
C009,T00544,ACC0088,ACC0400,34022,2023-03-09,00:12,192.168.1.7,9481505619,user59@example.com
C009,T00545,ACC0273,ACC0015,25010,2023-03-21,09:00,192.168.1.22,6339920824,user3@example.com
C012,T00546,ACC0335,ACC0221,28085,2023-01-25,06:16,192.168.1.14,8966336144,user6@example.com
C008,T00547,ACC0263,ACC0119,82455,2023-02-27,17:24,192.168.1.15,7800468073,user83@example.com
C015,T00548,ACC0141,ACC0449,42450,2023-04-13,20:21,192.168.1.33,8266731132,user18@example.com
C003,T00549,ACC0440,ACC0207,96265,2023-05-31,19:48,192.168.1.8,9053720883,user44@example.com
C014,T00550,ACC0397,ACC0493,52176,2023-02-22,18:04,192.168.1.49,6265275990,user92@example.com
C010,T00551,ACC0132,ACC0260,36049,2023-01-29,13:00,192.168.1.7,7079007777,user91@example.com
C002,T00552,ACC0324,ACC0243,45116,2023-04-18,00:56,192.168.1.15,7749388328,user50@example.com
C003,T00553,ACC0240,ACC0179,28143,2023-03-04,04:30,192.168.1.45,6102534458,user30@example.com
C006,T00554,ACC0427,ACC0014,84272,2023-04-20,01:36,192.168.1.45,6212591176,user40@example.com
C012,T00555,ACC0352,ACC0227,21855,2023-03-16,04:59,192.168.1.11,6265275990,user81@example.com
C008,T00556,ACC0095,ACC0194,90581,2023-05-05,22:20,192.168.1.6,9065427609,user43@example.com
C010,T00557,ACC0115,ACC0441,72459,2023-01-30,08:11,192.168.1.15,7863677453,user98@example.com
C012,T00558,ACC0398,ACC0215,17160,2023-06-30,14:19,192.168.1.11,8342648194,user63@example.com
C005,T00559,ACC0357,ACC0354,64577,2023-02-10,20:20,192.168.1.26,8484887910,user2@example.com
C003,T00560,ACC0131,ACC0041,55126,2023-01-24,12:36,192.168.1.20,8681135640,user1@example.com
C019,T00561,ACC0071,ACC0236,93092,2023-06-17,01:22,192.168.1.11,7481260640,user26@example.com
C005,T00562,ACC0012,ACC0392,32224,2023-05-29,08:44,192.168.1.22,7723975431,user27@example.com
C014,T00563,ACC0232,ACC0404,65101,2023-06-27,11:11,192.168.1.23,8342648194,user66@example.com
C011,T00564,ACC0127,ACC0202,20846,2023-05-25,02:26,192.168.1.6,6652921161,user91@example.com
C020,T00565,ACC0474,ACC0189,25100,2023-03-28,02:22,192.168.1.33,8681135640,user1@example.com
C013,T00566,ACC0310,ACC0092,9966,2023-03-26,12:35,192.168.1.50,6597366321,user55@example.com
C019,T00567,ACC0155,ACC0185,94609,2023-04-06,00:58,192.168.1.27,8094684812,user6@example.com
C011,T00568,ACC0158,ACC0220,42345,2023-05-05,08:40,192.168.1.34,7710898914,user99@example.com
C007,T00569,ACC0258,ACC0109,99427,2023-06-04,09:23,192.168.1.8,7710898914,user36@example.com
C014,T00570,ACC0085,ACC0225,82413,2023-06-27,01:42,192.168.1.41,8100463831,user45@example.com
C012,T00571,ACC0465,ACC0353,21500,2023-01-22,05:43,192.168.1.26,6453930471,user28@example.com
C005,T00572,ACC0340,ACC0316,62120,2023-05-02,14:45,192.168.1.43,8484887910,user90@example.com
C006,T00573,ACC0051,ACC0263,86215,2023-01-06,08:00,192.168.1.47,8509012347,user11@example.com
C002,T00574,ACC0299,ACC0212,79684,2023-06-05,10:34,192.168.1.33,6453930471,user51@example.com
C008,T00575,ACC0265,ACC0309,62763,2023-02-10,06:23,192.168.1.11,6714334365,user7@example.com
C009,T00576,ACC0255,ACC0495,87411,2023-05-22,20:59,192.168.1.35,7576593210,user20@example.com
C019,T00577,ACC0166,ACC0044,80735,2023-02-26,06:26,192.168.1.6,8509012347,user82@example.com
C003,T00578,ACC0330,ACC0113,16323,2023-04-24,23:59,192.168.1.37,8904300116,user73@example.com
C020,T00579,ACC0335,ACC0239,95554,2023-04-08,16:44,192.168.1.7,6339920824,user97@example.com
C009,T00580,ACC0073,ACC0135,61335,2023-05-07,01:44,192.168.1.36,6102534458,user50@example.com
C008,T00581,ACC0177,ACC0247,3620,2023-05-29,03:36,192.168.1.38,6159853865,user42@example.com
C017,T00582,ACC0157,ACC0092,53440,2023-05-03,23:17,192.168.1.45,6690167049,user89@example.com
C018,T00583,ACC0374,ACC0219,41966,2023-01-09,03:09,192.168.1.4,6759158527,user4@example.com
C018,T00584,ACC0313,ACC0256,95298,2023-01-08,12:40,192.168.1.39,6075693840,user16@example.com
C005,T00585,ACC0271,ACC0414,58166,2023-06-17,06:42,192.168.1.44,9398869574,user69@example.com
C005,T00586,ACC0484,ACC0302,44733,2023-06-18,20:01,192.168.1.23,7800468073,user20@example.com
C012,T00587,ACC0012,ACC0048,42953,2023-04-30,10:44,192.168.1.35,6759158527,user20@example.com
C003,T00588,ACC0033,ACC0098,19975,2023-03-16,11:43,192.168.1.36,8266061295,user73@example.com
C005,T00589,ACC0236,ACC0113,81826,2023-02-17,17:39,192.168.1.3,9481505619,user31@example.com
C008,T00590,ACC0081,ACC0293,81302,2023-05-05,02:44,192.168.1.41,9065427609,user4@example.com
C007,T00591,ACC0424,ACC0191,35292,2023-04-30,19:33,192.168.1.9,6298832043,user46@example.com
C017,T00592,ACC0311,ACC0289,89884,2023-05-16,18:41,192.168.1.32,8332804232,user23@example.com
C006,T00593,ACC0449,ACC0093,17060,2023-02-12,07:39,192.168.1.9,9790704115,user60@example.com
C003,T00594,ACC0096,ACC0100,9160,2023-03-06,10:27,192.168.1.11,8292127919,user18@example.com
C001,T00595,ACC0302,ACC0113,10855,2023-01-28,03:24,192.168.1.50,9596216699,user19@example.com
C020,T00596,ACC0090,ACC0122,10904,2023-01-29,15:02,192.168.1.17,7971860251,user27@example.com
C009,T00597,ACC0288,ACC0257,10120,2023-06-01,20:03,192.168.1.47,9189562222,user15@example.com
C009,T00598,ACC0033,ACC0124,87742,2023-05-30,17:35,192.168.1.2,6652921161,user40@example.com
C020,T00599,ACC0180,ACC0017,67522,2023-03-30,09:37,192.168.1.31,6241776141,user62@example.com
C009,T00600,ACC0398,ACC0178,98949,2023-06-26,22:24,192.168.1.37,6364271968,user15@example.com
C015,T00601,ACC0130,ACC0222,90396,2023-05-27,17:09,192.168.1.48,8774650162,user3@example.com
C004,T00602,ACC0405,ACC0264,92819,2023-02-23,20:53,192.168.1.49,7971860251,user47@example.com
C012,T00603,ACC0086,ACC0341,27519,2023-06-23,07:41,192.168.1.47,9791498276,user68@example.com
C015,T00604,ACC0114,ACC0243,61467,2023-03-19,20:52,192.168.1.30,9790704115,user34@example.com
C019,T00605,ACC0321,ACC0261,90873,2023-05-18,03:00,192.168.1.19,6683783878,user26@example.com
C006,T00606,ACC0396,ACC0408,8780,2023-01-22,13:33,192.168.1.43,7863677453,user19@example.com
C020,T00607,ACC0190,ACC0024,60692,2023-05-20,19:32,192.168.1.27,6364271968,user14@example.com
C006,T00608,ACC0003,ACC0345,90649,2023-01-12,20:35,192.168.1.4,7054675997,user56@example.com
C011,T00609,ACC0019,ACC0327,25502,2023-05-30,16:10,192.168.1.40,8266061295,user51@example.com
C014,T00610,ACC0267,ACC0228,9316,2023-06-24,23:18,192.168.1.19,6298832043,user94@example.com
C004,T00611,ACC0387,ACC0430,41803,2023-04-16,07:30,192.168.1.6,9919786559,user51@example.com
C009,T00612,ACC0245,ACC0079,44119,2023-03-12,12:03,192.168.1.36,6652921161,user71@example.com
C009,T00613,ACC0178,ACC0264,12995,2023-02-26,10:53,192.168.1.22,6759158527,user79@example.com
C017,T00614,ACC0112,ACC0417,62769,2023-03-13,11:23,192.168.1.39,7863677453,user24@example.com
C011,T00615,ACC0171,ACC0347,94880,2023-04-04,23:19,192.168.1.22,7472360950,user56@example.com
C015,T00616,ACC0288,ACC0357,60065,2023-06-09,06:12,192.168.1.2,9533523285,user79@example.com
C019,T00617,ACC0025,ACC0376,34038,2023-01-24,08:57,192.168.1.43,6127847302,user53@example.com
C015,T00618,ACC0456,ACC0308,47941,2023-03-14,23:12,192.168.1.28,7481260640,user76@example.com
C004,T00619,ACC0291,ACC0087,56251,2023-03-24,01:45,192.168.1.3,8094684812,user34@example.com
C003,T00620,ACC0123,ACC0400,35667,2023-06-17,23:33,192.168.1.31,7472360950,user44@example.com
C009,T00621,ACC0178,ACC0043,10286,2023-02-12,12:05,192.168.1.1,8094684812,user3@example.com
C004,T00622,ACC0392,ACC0413,71014,2023-03-07,15:01,192.168.1.15,7512704154,user62@example.com
C010,T00623,ACC0230,ACC0044,7592,2023-01-28,23:27,192.168.1.27,8266061295,user92@example.com
C013,T00624,ACC0313,ACC0460,79953,2023-05-19,18:41,192.168.1.28,6787254499,user6@example.com
C001,T00625,ACC0098,ACC0373,90762,2023-04-15,14:31,192.168.1.49,6877612879,user24@example.com
C004,T00626,ACC0496,ACC0433,45399,2023-04-09,00:11,192.168.1.27,7054675997,user65@example.com
C018,T00627,ACC0139,ACC0343,74247,2023-01-13,09:46,192.168.1.20,8681135640,user77@example.com
C016,T00628,ACC0150,ACC0010,38576,2023-03-06,23:50,192.168.1.6,9524267122,user59@example.com
C009,T00629,ACC0169,ACC0214,27175,2023-04-24,04:39,192.168.1.6,8342648194,user35@example.com
C003,T00630,ACC0434,ACC0456,40483,2023-01-01,14:47,192.168.1.50,8100463831,user36@example.com
C015,T00631,ACC0093,ACC0193,46096,2023-02-10,11:24,192.168.1.46,7428851976,user61@example.com
C007,T00632,ACC0022,ACC0271,48436,2023-06-22,11:36,192.168.1.26,7710898914,user40@example.com
C009,T00633,ACC0081,ACC0066,6568,2023-04-08,16:01,192.168.1.13,8786001402,user15@example.com
C008,T00634,ACC0022,ACC0386,93180,2023-02-11,07:40,192.168.1.32,7576593210,user67@example.com
C009,T00635,ACC0339,ACC0397,51612,2023-04-06,05:13,192.168.1.46,6652921161,user100@example.com
C013,T00636,ACC0304,ACC0023,40692,2023-03-07,22:10,192.168.1.24,8316770490,user62@example.com
C017,T00637,ACC0493,ACC0287,46004,2023-03-03,09:48,192.168.1.31,6759158527,user46@example.com
C016,T00638,ACC0184,ACC0204,26143,2023-04-03,22:24,192.168.1.48,8786001402,user100@example.com
C008,T00639,ACC0249,ACC0123,10850,2023-02-11,15:03,192.168.1.50,7472360950,user53@example.com
C010,T00640,ACC0057,ACC0277,46706,2023-06-16,14:29,192.168.1.10,7512704154,user73@example.com
C012,T00641,ACC0373,ACC0282,47838,2023-03-04,21:54,192.168.1.40,6361615148,user4@example.com
C010,T00642,ACC0138,ACC0309,33958,2023-06-28,04:22,192.168.1.3,8316770490,user27@example.com
C004,T00643,ACC0268,ACC0066,16308,2023-02-19,13:25,192.168.1.13,8614333799,user40@example.com
C003,T00644,ACC0073,ACC0430,42828,2023-06-10,03:02,192.168.1.14,6640825635,user16@example.com
C004,T00645,ACC0326,ACC0048,85125,2023-06-15,20:29,192.168.1.16,6652921161,user16@example.com
C007,T00646,ACC0378,ACC0157,92892,2023-03-23,23:47,192.168.1.34,7710898914,user94@example.com
C010,T00647,ACC0043,ACC0065,10919,2023-04-24,07:11,192.168.1.18,9239123098,user18@example.com
C011,T00648,ACC0006,ACC0216,35618,2023-01-31,00:47,192.168.1.49,6159853865,user11@example.com
C002,T00649,ACC0034,ACC0383,42237,2023-04-05,16:38,192.168.1.17,8286929404,user71@example.com
C003,T00650,ACC0087,ACC0481,73820,2023-02-01,20:45,192.168.1.47,8614333799,user97@example.com
C004,T00651,ACC0019,ACC0002,91354,2023-03-24,19:33,192.168.1.31,6556220817,user81@example.com
C014,T00652,ACC0057,ACC0267,15348,2023-03-31,03:56,192.168.1.12,6597366321,user91@example.com
C004,T00653,ACC0242,ACC0327,5816,2023-05-24,01:39,192.168.1.32,6102534458,user9@example.com
C006,T00654,ACC0136,ACC0094,2974,2023-05-28,23:27,192.168.1.9,7800468073,user43@example.com
C020,T00655,ACC0016,ACC0446,15080,2023-02-04,21:34,192.168.1.18,7353435606,user1@example.com
C003,T00656,ACC0477,ACC0001,25429,2023-03-04,02:01,192.168.1.1,6256720444,user22@example.com
C006,T00657,ACC0229,ACC0416,11893,2023-06-24,06:03,192.168.1.21,9239123098,user70@example.com
C015,T00658,ACC0348,ACC0234,76845,2023-03-12,02:10,192.168.1.21,6556220817,user57@example.com
C005,T00659,ACC0041,ACC0224,16516,2023-06-17,09:21,192.168.1.7,7304487890,user90@example.com
C011,T00660,ACC0193,ACC0430,88479,2023-05-14,15:08,192.168.1.16,9857742175,user1@example.com
C012,T00661,ACC0291,ACC0246,40620,2023-01-07,10:05,192.168.1.28,6690167049,user21@example.com
C012,T00662,ACC0381,ACC0326,8355,2023-03-02,19:23,192.168.1.23,9829273911,user40@example.com
C018,T00663,ACC0419,ACC0150,67215,2023-04-23,02:01,192.168.1.3,9131228177,user14@example.com
C005,T00664,ACC0437,ACC0119,55715,2023-04-17,23:21,192.168.1.45,7141735120,user5@example.com
C017,T00665,ACC0164,ACC0421,68640,2023-01-14,05:20,192.168.1.6,6364271968,user85@example.com
C004,T00666,ACC0078,ACC0413,63360,2023-02-13,13:30,192.168.1.24,6364271968,user43@example.com
C019,T00667,ACC0340,ACC0038,22028,2023-04-09,21:01,192.168.1.13,8702670225,user48@example.com
C019,T00668,ACC0120,ACC0377,35255,2023-03-25,09:59,192.168.1.50,9012886331,user59@example.com
C015,T00669,ACC0306,ACC0430,10322,2023-03-18,06:27,192.168.1.35,7576593210,user85@example.com
C011,T00670,ACC0173,ACC0328,25136,2023-04-23,20:47,192.168.1.34,6877612879,user40@example.com
C008,T00671,ACC0059,ACC0136,93025,2023-01-14,22:32,192.168.1.31,7863677453,user44@example.com
C002,T00672,ACC0446,ACC0041,84909,2023-05-01,00:45,192.168.1.27,8904300116,user77@example.com
C015,T00673,ACC0178,ACC0191,60880,2023-01-28,05:06,192.168.1.33,7481260640,user87@example.com
C002,T00674,ACC0260,ACC0446,39416,2023-06-03,13:01,192.168.1.9,7723975431,user2@example.com
C019,T00675,ACC0329,ACC0441,3917,2023-02-24,00:44,192.168.1.38,7512704154,user43@example.com
C003,T00676,ACC0431,ACC0494,56684,2023-05-27,16:21,192.168.1.41,6102534458,user9@example.com
C016,T00677,ACC0498,ACC0257,7345,2023-01-29,07:21,192.168.1.19,6640825635,user1@example.com
C013,T00678,ACC0220,ACC0175,77128,2023-01-03,23:34,192.168.1.35,7079007777,user15@example.com
C011,T00679,ACC0058,ACC0400,56943,2023-02-14,02:52,192.168.1.49,6127847302,user77@example.com
C004,T00680,ACC0450,ACC0313,76310,2023-01-31,13:41,192.168.1.12,6265275990,user36@example.com
C004,T00681,ACC0499,ACC0144,76559,2023-04-06,12:30,192.168.1.6,8681135640,user50@example.com
C002,T00682,ACC0216,ACC0301,90098,2023-03-29,15:59,192.168.1.47,8564248902,user62@example.com
C002,T00683,ACC0158,ACC0320,2765,2023-06-01,05:43,192.168.1.14,8292127919,user44@example.com
C018,T00684,ACC0002,ACC0203,36048,2023-01-13,11:50,192.168.1.46,9829273911,user69@example.com
C012,T00685,ACC0238,ACC0440,92349,2023-01-13,02:04,192.168.1.26,7551777988,user28@example.com
C004,T00686,ACC0268,ACC0289,5416,2023-06-21,22:34,192.168.1.30,6683783878,user79@example.com
C019,T00687,ACC0235,ACC0221,60562,2023-01-31,05:07,192.168.1.33,7472360950,user5@example.com
C017,T00688,ACC0150,ACC0020,70204,2023-05-30,10:33,192.168.1.10,6556220817,user78@example.com
C006,T00689,ACC0367,ACC0347,63879,2023-05-04,15:20,192.168.1.43,7723975431,user23@example.com
C002,T00690,ACC0485,ACC0077,9105,2023-02-27,01:32,192.168.1.37,8618485975,user87@example.com
C003,T00691,ACC0202,ACC0367,56738,2023-02-11,08:44,192.168.1.40,9829273911,user88@example.com
C003,T00692,ACC0361,ACC0090,37078,2023-06-22,10:02,192.168.1.33,9065427609,user96@example.com
C004,T00693,ACC0342,ACC0154,87343,2023-02-04,01:33,192.168.1.50,7833862491,user69@example.com
C007,T00694,ACC0303,ACC0145,26629,2023-03-01,13:30,192.168.1.50,8618485975,user5@example.com
C004,T00695,ACC0047,ACC0011,11508,2023-02-23,05:42,192.168.1.33,6159853865,user34@example.com
C017,T00696,ACC0483,ACC0242,37963,2023-04-18,20:54,192.168.1.39,6690167049,user39@example.com
C016,T00697,ACC0047,ACC0139,53183,2023-01-20,21:29,192.168.1.34,6841343779,user73@example.com
C020,T00698,ACC0446,ACC0261,5375,2023-04-15,11:37,192.168.1.24,8100463831,user65@example.com
C020,T00699,ACC0380,ACC0183,21640,2023-06-06,20:00,192.168.1.15,6597366321,user98@example.com
C011,T00700,ACC0259,ACC0396,56773,2023-03-31,01:14,192.168.1.24,8094684812,user10@example.com
C009,T00701,ACC0046,ACC0122,42484,2023-06-26,23:33,192.168.1.6,7065339454,user88@example.com
C013,T00702,ACC0462,ACC0002,73192,2023-05-29,22:51,192.168.1.2,9524267122,user84@example.com
C006,T00703,ACC0139,ACC0313,38029,2023-06-19,15:47,192.168.1.12,9829273911,user85@example.com
C018,T00704,ACC0340,ACC0458,28469,2023-02-02,23:53,192.168.1.7,7079007777,user57@example.com
C017,T00705,ACC0316,ACC0195,31886,2023-02-17,16:50,192.168.1.28,8851543327,user80@example.com
C019,T00706,ACC0296,ACC0288,79253,2023-01-28,09:21,192.168.1.27,6556220817,user56@example.com
C007,T00707,ACC0397,ACC0490,45136,2023-06-24,11:11,192.168.1.37,7833862491,user73@example.com
C005,T00708,ACC0004,ACC0233,72670,2023-01-15,14:01,192.168.1.36,8332804232,user30@example.com
C011,T00709,ACC0373,ACC0053,51522,2023-03-22,19:02,192.168.1.40,7304487890,user18@example.com
C010,T00710,ACC0171,ACC0085,35480,2023-03-20,20:38,192.168.1.9,6339920824,user27@example.com
C019,T00711,ACC0258,ACC0198,28459,2023-01-19,19:37,192.168.1.21,7097967409,user22@example.com
C011,T00712,ACC0423,ACC0299,91917,2023-05-03,01:51,192.168.1.17,6652921161,user74@example.com
C001,T00713,ACC0269,ACC0408,78446,2023-03-31,06:18,192.168.1.24,8100463831,user35@example.com
C002,T00714,ACC0231,ACC0399,24118,2023-06-09,14:14,192.168.1.5,7998294103,user1@example.com
C009,T00715,ACC0001,ACC0106,83312,2023-05-25,14:32,192.168.1.39,8266731132,user34@example.com
C008,T00716,ACC0306,ACC0038,53149,2023-03-29,19:33,192.168.1.27,7551777988,user55@example.com
C018,T00717,ACC0062,ACC0106,17985,2023-05-15,09:20,192.168.1.17,6339920824,user52@example.com
C002,T00718,ACC0277,ACC0345,61862,2023-06-30,04:57,192.168.1.35,7863677453,user43@example.com
C005,T00719,ACC0427,ACC0144,87004,2023-02-09,09:32,192.168.1.37,6597366321,user35@example.com
C007,T00720,ACC0273,ACC0182,31484,2023-01-02,06:40,192.168.1.2,6597366321,user52@example.com
C016,T00721,ACC0488,ACC0164,73619,2023-04-27,04:10,192.168.1.36,6075693840,user41@example.com
C014,T00722,ACC0290,ACC0164,74545,2023-01-19,21:03,192.168.1.32,7054675997,user60@example.com
C015,T00723,ACC0409,ACC0385,71160,2023-02-12,19:42,192.168.1.4,8681135640,user32@example.com
C007,T00724,ACC0306,ACC0236,76801,2023-01-20,22:49,192.168.1.13,7079007777,user65@example.com
C005,T00725,ACC0242,ACC0285,20773,2023-03-23,20:23,192.168.1.12,8614333799,user18@example.com
C010,T00726,ACC0169,ACC0334,61853,2023-05-28,02:49,192.168.1.17,6535183618,user58@example.com
C004,T00727,ACC0088,ACC0243,21382,2023-03-19,22:24,192.168.1.34,7097967409,user70@example.com
C004,T00728,ACC0312,ACC0438,32895,2023-03-15,00:31,192.168.1.14,8292127919,user78@example.com
C020,T00729,ACC0353,ACC0141,77850,2023-06-05,09:41,192.168.1.11,8509012347,user89@example.com
C008,T00730,ACC0335,ACC0022,25411,2023-03-06,10:04,192.168.1.19,7833862491,user14@example.com
C016,T00731,ACC0001,ACC0169,8355,2023-04-12,03:42,192.168.1.19,7065339454,user71@example.com
C015,T00732,ACC0180,ACC0026,94156,2023-03-02,17:25,192.168.1.43,9189562222,user61@example.com
C017,T00733,ACC0365,ACC0352,70169,2023-03-19,16:51,192.168.1.26,6877612879,user73@example.com
C007,T00734,ACC0101,ACC0092,69880,2023-01-16,03:14,192.168.1.2,9481505619,user78@example.com
C006,T00735,ACC0304,ACC0414,71800,2023-03-24,02:39,192.168.1.26,7341824550,user41@example.com
C014,T00736,ACC0106,ACC0439,80123,2023-02-11,03:03,192.168.1.47,6652921161,user58@example.com
C015,T00737,ACC0112,ACC0223,13739,2023-06-01,23:07,192.168.1.25,6339920824,user59@example.com
C010,T00738,ACC0120,ACC0427,28510,2023-04-05,22:19,192.168.1.27,8759217831,user42@example.com
C003,T00739,ACC0053,ACC0061,17421,2023-06-05,22:00,192.168.1.23,8266731132,user78@example.com
C016,T00740,ACC0050,ACC0142,47876,2023-02-12,03:29,192.168.1.9,6364271968,user80@example.com
C016,T00741,ACC0173,ACC0152,50561,2023-04-20,04:30,192.168.1.27,8100463831,user20@example.com
C002,T00742,ACC0168,ACC0449,32307,2023-06-15,14:25,192.168.1.22,7065339454,user64@example.com
C006,T00743,ACC0227,ACC0281,43914,2023-01-11,11:40,192.168.1.32,7428851976,user39@example.com
C009,T00744,ACC0408,ACC0240,89151,2023-06-04,18:25,192.168.1.45,8904300116,user9@example.com
C011,T00745,ACC0341,ACC0237,95433,2023-06-30,09:30,192.168.1.6,6787254499,user28@example.com
C007,T00746,ACC0169,ACC0491,6933,2023-03-23,04:21,192.168.1.18,6364271968,user94@example.com
C017,T00747,ACC0437,ACC0345,1279,2023-06-06,13:28,192.168.1.23,6714334365,user81@example.com
C020,T00748,ACC0077,ACC0295,93175,2023-03-06,16:40,192.168.1.1,9919786559,user57@example.com
C011,T00749,ACC0351,ACC0236,97976,2023-01-29,22:07,192.168.1.20,7097967409,user51@example.com
C020,T00750,ACC0018,ACC0286,69102,2023-05-09,16:13,192.168.1.10,6877612879,user100@example.com
C006,T00751,ACC0456,ACC0344,80035,2023-01-13,09:02,192.168.1.48,9481505619,user25@example.com
C009,T00752,ACC0049,ACC0433,52063,2023-03-28,12:56,192.168.1.45,9012886331,user98@example.com
C020,T00753,ACC0288,ACC0153,79177,2023-06-12,04:48,192.168.1.49,7097967409,user78@example.com
C006,T00754,ACC0116,ACC0478,83999,2023-03-24,05:45,192.168.1.40,9062918245,user94@example.com
C018,T00755,ACC0425,ACC0477,64299,2023-01-30,12:14,192.168.1.26,7998294103,user23@example.com
C015,T00756,ACC0483,ACC0230,83739,2023-03-19,06:34,192.168.1.40,6343121319,user85@example.com
C016,T00757,ACC0303,ACC0466,10339,2023-03-16,16:34,192.168.1.41,6713738693,user77@example.com
C013,T00758,ACC0069,ACC0433,12024,2023-06-04,06:54,192.168.1.45,6102534458,user7@example.com
C005,T00759,ACC0212,ACC0204,86496,2023-03-16,14:32,192.168.1.39,7379961739,user29@example.com
C016,T00760,ACC0294,ACC0250,22363,2023-01-28,03:31,192.168.1.48,6683783878,user68@example.com
C020,T00761,ACC0115,ACC0442,64338,2023-05-21,18:20,192.168.1.45,8681135640,user81@example.com
C010,T00762,ACC0308,ACC0006,71962,2023-01-11,11:15,192.168.1.22,8774650162,user36@example.com
C008,T00763,ACC0416,ACC0112,45479,2023-05-11,09:43,192.168.1.30,9596216699,user23@example.com
C006,T00764,ACC0291,ACC0435,34042,2023-04-16,20:45,192.168.1.25,7551777988,user29@example.com
C017,T00765,ACC0425,ACC0109,72041,2023-01-19,21:49,192.168.1.14,6361615148,user22@example.com
C010,T00766,ACC0489,ACC0294,22352,2023-03-04,09:03,192.168.1.19,7327439684,user28@example.com
C003,T00767,ACC0376,ACC0500,96824,2023-02-01,13:04,192.168.1.27,8286929404,user10@example.com
C012,T00768,ACC0398,ACC0050,48764,2023-01-19,10:42,192.168.1.2,8490349932,user55@example.com
C013,T00769,ACC0102,ACC0131,92021,2023-06-30,02:53,192.168.1.24,9596216699,user81@example.com
C011,T00770,ACC0069,ACC0123,67449,2023-06-05,20:38,192.168.1.5,6159853865,user18@example.com
C015,T00771,ACC0176,ACC0061,41663,2023-06-17,00:41,192.168.1.26,8904300116,user58@example.com
C010,T00772,ACC0065,ACC0042,62233,2023-04-06,10:41,192.168.1.33,6298832043,user11@example.com
C012,T00773,ACC0211,ACC0180,35258,2023-01-28,19:36,192.168.1.7,7551777988,user33@example.com
C014,T00774,ACC0118,ACC0082,64923,2023-05-20,06:19,192.168.1.36,8851543327,user50@example.com
C006,T00775,ACC0189,ACC0032,18067,2023-02-13,08:28,192.168.1.25,7341824550,user33@example.com
C008,T00776,ACC0326,ACC0472,9025,2023-01-31,20:18,192.168.1.16,6714334365,user16@example.com
C011,T00777,ACC0069,ACC0450,84641,2023-01-18,10:57,192.168.1.50,6652921161,user51@example.com
C001,T00778,ACC0045,ACC0169,72775,2023-03-20,23:42,192.168.1.4,6364271968,user92@example.com
C017,T00779,ACC0445,ACC0361,93511,2023-01-04,15:41,192.168.1.49,9992380683,user15@example.com
C014,T00780,ACC0220,ACC0136,84211,2023-03-11,12:52,192.168.1.10,6877612879,user23@example.com
C011,T00781,ACC0052,ACC0434,51299,2023-04-05,04:56,192.168.1.26,7481260640,user89@example.com
C006,T00782,ACC0057,ACC0206,23741,2023-01-30,23:23,192.168.1.13,7428851976,user85@example.com
C007,T00783,ACC0469,ACC0193,19453,2023-03-22,19:50,192.168.1.13,7723975431,user59@example.com
C006,T00784,ACC0061,ACC0266,56585,2023-03-11,17:01,192.168.1.42,7379961739,user33@example.com
C001,T00785,ACC0284,ACC0441,29176,2023-06-04,18:08,192.168.1.11,7341824550,user81@example.com
C018,T00786,ACC0095,ACC0169,54057,2023-01-19,01:57,192.168.1.16,6652921161,user19@example.com
C010,T00787,ACC0291,ACC0432,8376,2023-03-17,12:50,192.168.1.43,6690167049,user63@example.com
C002,T00788,ACC0190,ACC0056,54002,2023-02-22,17:27,192.168.1.9,6339920824,user24@example.com
C019,T00789,ACC0103,ACC0432,24066,2023-01-09,15:38,192.168.1.13,7079007777,user5@example.com
C006,T00790,ACC0378,ACC0080,35100,2023-03-15,20:37,192.168.1.30,8316770490,user99@example.com
C010,T00791,ACC0082,ACC0372,35976,2023-06-28,04:50,192.168.1.13,6690167049,user60@example.com
C009,T00792,ACC0471,ACC0015,55398,2023-02-25,21:43,192.168.1.17,8875636835,user27@example.com
C008,T00793,ACC0202,ACC0015,99653,2023-01-28,16:55,192.168.1.5,7428851976,user99@example.com
C005,T00794,ACC0020,ACC0256,92803,2023-05-29,15:06,192.168.1.28,6841343779,user15@example.com
C001,T00795,ACC0295,ACC0174,34273,2023-02-11,08:37,192.168.1.2,9012886331,user55@example.com
C005,T00796,ACC0194,ACC0183,88613,2023-06-01,20:18,192.168.1.12,9829273911,user90@example.com
C003,T00797,ACC0345,ACC0001,45370,2023-01-26,13:21,192.168.1.43,6714334365,user58@example.com
C013,T00798,ACC0340,ACC0474,10883,2023-05-20,06:59,192.168.1.11,6683783878,user12@example.com
C002,T00799,ACC0499,ACC0079,58824,2023-01-19,22:05,192.168.1.44,7971860251,user63@example.com
C004,T00800,ACC0028,ACC0300,7793,2023-01-05,22:47,192.168.1.9,7749388328,user8@example.com
C014,T00801,ACC0398,ACC0008,45795,2023-05-08,06:27,192.168.1.25,6714334365,user57@example.com
C012,T00802,ACC0282,ACC0169,19038,2023-05-10,07:38,192.168.1.14,7971860251,user49@example.com
C012,T00803,ACC0321,ACC0447,9410,2023-05-25,08:56,192.168.1.4,8875636835,user88@example.com
C017,T00804,ACC0451,ACC0016,75744,2023-03-19,18:38,192.168.1.47,7833862491,user18@example.com
C018,T00805,ACC0210,ACC0191,27708,2023-02-12,08:23,192.168.1.32,6535183618,user37@example.com
C011,T00806,ACC0078,ACC0124,66910,2023-04-21,18:12,192.168.1.7,6241776141,user10@example.com
C011,T00807,ACC0220,ACC0121,57428,2023-01-11,20:58,192.168.1.31,9533523285,user48@example.com
C003,T00808,ACC0063,ACC0016,66068,2023-02-11,02:56,192.168.1.47,8100463831,user76@example.com
C003,T00809,ACC0028,ACC0430,94192,2023-03-06,07:50,192.168.1.33,7971860251,user54@example.com
C020,T00810,ACC0495,ACC0118,33472,2023-02-03,09:08,192.168.1.47,7341824550,user30@example.com
C020,T00811,ACC0058,ACC0026,85443,2023-06-14,05:13,192.168.1.35,8564248902,user7@example.com
C017,T00812,ACC0417,ACC0010,99548,2023-06-21,13:26,192.168.1.3,9596216699,user94@example.com
C012,T00813,ACC0083,ACC0201,69139,2023-02-08,23:44,192.168.1.26,6075693840,user76@example.com
C005,T00814,ACC0057,ACC0108,35812,2023-05-23,00:41,192.168.1.2,8342648194,user64@example.com
C018,T00815,ACC0251,ACC0487,33690,2023-02-02,14:54,192.168.1.24,7576593210,user94@example.com
C002,T00816,ACC0253,ACC0258,35265,2023-01-16,19:25,192.168.1.27,9131228177,user3@example.com
C018,T00817,ACC0028,ACC0232,67540,2023-04-03,13:25,192.168.1.50,7863677453,user12@example.com
C003,T00818,ACC0404,ACC0151,40747,2023-02-13,06:58,192.168.1.39,8286929404,user41@example.com
C011,T00819,ACC0304,ACC0187,11083,2023-05-30,07:05,192.168.1.32,7512704154,user14@example.com
C019,T00820,ACC0354,ACC0204,45041,2023-03-11,08:36,192.168.1.5,7800468073,user89@example.com
C018,T00821,ACC0241,ACC0405,40464,2023-02-23,19:04,192.168.1.30,8332804232,user95@example.com
C003,T00822,ACC0340,ACC0106,16831,2023-02-09,19:17,192.168.1.4,9596216699,user96@example.com
C019,T00823,ACC0004,ACC0442,21052,2023-06-21,01:14,192.168.1.38,7833862491,user86@example.com
C017,T00824,ACC0121,ACC0040,22495,2023-04-21,23:08,192.168.1.36,6714334365,user12@example.com
C008,T00825,ACC0235,ACC0176,10540,2023-06-11,09:03,192.168.1.17,8759217831,user49@example.com
C019,T00826,ACC0092,ACC0321,76042,2023-02-18,19:39,192.168.1.37,7800468073,user36@example.com
C001,T00827,ACC0369,ACC0166,23751,2023-04-12,05:52,192.168.1.31,6535183618,user45@example.com
C014,T00828,ACC0209,ACC0132,36567,2023-04-02,14:05,192.168.1.20,8786001402,user97@example.com
C012,T00829,ACC0221,ACC0301,42738,2023-01-19,05:17,192.168.1.44,8286929404,user14@example.com
C012,T00830,ACC0370,ACC0153,26569,2023-03-27,01:01,192.168.1.34,8490349932,user33@example.com
C003,T00831,ACC0263,ACC0395,9345,2023-04-23,16:44,192.168.1.28,7472360950,user85@example.com
C013,T00832,ACC0401,ACC0414,41702,2023-06-02,22:54,192.168.1.9,8774650162,user76@example.com
C016,T00833,ACC0360,ACC0393,29947,2023-06-28,09:06,192.168.1.6,6787254499,user44@example.com
C014,T00834,ACC0015,ACC0037,16128,2023-05-28,15:43,192.168.1.12,6241776141,user32@example.com
C020,T00835,ACC0475,ACC0464,12162,2023-03-08,15:31,192.168.1.49,7327439684,user7@example.com
C016,T00836,ACC0082,ACC0477,92459,2023-02-09,08:02,192.168.1.21,8094684812,user36@example.com
C018,T00837,ACC0130,ACC0435,8819,2023-02-10,17:45,192.168.1.45,7551777988,user5@example.com
C013,T00838,ACC0369,ACC0143,21580,2023-01-31,08:44,192.168.1.44,7800468073,user7@example.com
C003,T00839,ACC0144,ACC0474,40898,2023-03-11,16:45,192.168.1.28,6714334365,user75@example.com
C005,T00840,ACC0111,ACC0313,24711,2023-01-15,11:11,192.168.1.28,9790704115,user46@example.com
C017,T00841,ACC0124,ACC0420,74824,2023-05-11,10:05,192.168.1.10,8618485975,user25@example.com
C016,T00842,ACC0413,ACC0112,34612,2023-04-22,16:34,192.168.1.30,8564248902,user44@example.com
C007,T00843,ACC0356,ACC0345,73863,2023-01-11,01:55,192.168.1.35,7710898914,user78@example.com
C017,T00844,ACC0372,ACC0153,25831,2023-06-09,12:14,192.168.1.50,9992380683,user2@example.com
C011,T00845,ACC0001,ACC0186,48284,2023-05-12,11:09,192.168.1.26,8342648194,user20@example.com
C018,T00846,ACC0037,ACC0167,22745,2023-02-08,22:18,192.168.1.31,7749388328,user66@example.com
C017,T00847,ACC0432,ACC0313,55451,2023-04-07,06:14,192.168.1.27,7054675997,user63@example.com
C002,T00848,ACC0315,ACC0089,14129,2023-04-09,11:16,192.168.1.10,7428851976,user51@example.com
C007,T00849,ACC0235,ACC0488,69751,2023-03-20,10:18,192.168.1.13,6453930471,user55@example.com
C020,T00850,ACC0086,ACC0344,70961,2023-06-03,15:39,192.168.1.6,8702670225,user94@example.com
C016,T00851,ACC0076,ACC0102,82222,2023-03-01,02:41,192.168.1.5,9791498276,user23@example.com
C006,T00852,ACC0215,ACC0492,71843,2023-03-02,19:53,192.168.1.50,7971860251,user1@example.com
C007,T00853,ACC0166,ACC0380,99251,2023-05-22,00:47,192.168.1.14,6535183618,user45@example.com
C016,T00854,ACC0223,ACC0145,27531,2023-05-05,07:46,192.168.1.3,9596216699,user25@example.com
C019,T00855,ACC0452,ACC0148,95195,2023-01-11,11:57,192.168.1.46,8564248902,user88@example.com
C005,T00856,ACC0375,ACC0109,65317,2023-06-16,05:08,192.168.1.1,7097967409,user10@example.com
C004,T00857,ACC0382,ACC0219,82870,2023-05-16,04:44,192.168.1.6,8509012347,user39@example.com
C015,T00858,ACC0207,ACC0272,47442,2023-02-05,11:54,192.168.1.50,9791498276,user72@example.com
C011,T00859,ACC0339,ACC0114,93703,2023-01-20,06:44,192.168.1.33,7723975431,user44@example.com
C004,T00860,ACC0001,ACC0478,75379,2023-03-09,17:25,192.168.1.18,8100463831,user65@example.com
C008,T00861,ACC0269,ACC0472,35507,2023-01-28,07:37,192.168.1.40,7551777988,user13@example.com
C019,T00862,ACC0350,ACC0297,42205,2023-02-24,13:05,192.168.1.18,6265275990,user86@example.com
C013,T00863,ACC0144,ACC0305,82629,2023-04-06,07:47,192.168.1.25,9524267122,user16@example.com
C013,T00864,ACC0007,ACC0031,90680,2023-04-02,13:11,192.168.1.47,6759158527,user67@example.com
C005,T00865,ACC0342,ACC0180,27719,2023-04-28,08:39,192.168.1.22,7800468073,user21@example.com
C009,T00866,ACC0338,ACC0210,65838,2023-03-10,11:55,192.168.1.3,7863677453,user78@example.com
C002,T00867,ACC0341,ACC0139,32344,2023-03-08,18:48,192.168.1.19,6634379272,user62@example.com
C009,T00868,ACC0282,ACC0140,68639,2023-06-13,06:16,192.168.1.17,8904300116,user73@example.com
C005,T00869,ACC0466,ACC0028,78411,2023-01-18,11:58,192.168.1.36,8614333799,user47@example.com
C013,T00870,ACC0234,ACC0145,75460,2023-01-20,23:23,192.168.1.11,7816748702,user31@example.com
C002,T00871,ACC0092,ACC0085,73464,2023-01-29,16:13,192.168.1.25,6102534458,user14@example.com
C005,T00872,ACC0204,ACC0218,93522,2023-02-21,11:31,192.168.1.38,8490349932,user44@example.com
C017,T00873,ACC0390,ACC0075,87063,2023-06-06,09:11,192.168.1.43,7749388328,user53@example.com
C013,T00874,ACC0056,ACC0154,71798,2023-03-23,21:24,192.168.1.5,9857742175,user59@example.com
C020,T00875,ACC0320,ACC0474,21281,2023-04-10,18:12,192.168.1.17,9596216699,user49@example.com
C018,T00876,ACC0443,ACC0128,88739,2023-06-15,03:35,192.168.1.23,8851543327,user82@example.com
C002,T00877,ACC0375,ACC0083,89070,2023-02-16,02:02,192.168.1.32,8564248902,user1@example.com
C011,T00878,ACC0210,ACC0119,82617,2023-06-05,17:58,192.168.1.16,8614333799,user62@example.com
C020,T00879,ACC0042,ACC0252,8746,2023-01-03,05:35,192.168.1.23,6361615148,user73@example.com
C005,T00880,ACC0324,ACC0214,7067,2023-04-25,09:10,192.168.1.18,6159853865,user10@example.com
C005,T00881,ACC0318,ACC0214,36482,2023-05-11,04:12,192.168.1.30,7816748702,user18@example.com
C020,T00882,ACC0304,ACC0033,18852,2023-05-28,00:38,192.168.1.35,6339920824,user1@example.com
C006,T00883,ACC0051,ACC0478,98240,2023-02-11,20:07,192.168.1.3,9053720883,user30@example.com
C008,T00884,ACC0066,ACC0144,42328,2023-06-09,07:26,192.168.1.22,6159853865,user47@example.com
C001,T00885,ACC0146,ACC0062,8094,2023-01-31,03:14,192.168.1.2,6364271968,user8@example.com
C013,T00886,ACC0113,ACC0212,37657,2023-06-20,22:59,192.168.1.10,8310891037,user58@example.com
C008,T00887,ACC0295,ACC0099,70401,2023-01-25,15:15,192.168.1.9,9481505619,user25@example.com
C004,T00888,ACC0192,ACC0177,78288,2023-01-13,18:50,192.168.1.36,8774650162,user81@example.com
C019,T00889,ACC0338,ACC0174,94422,2023-03-31,09:54,192.168.1.20,7998294103,user46@example.com
C007,T00890,ACC0288,ACC0480,34339,2023-05-26,14:59,192.168.1.4,7327439684,user18@example.com
C005,T00891,ACC0344,ACC0166,53113,2023-03-07,00:52,192.168.1.37,9992380683,user83@example.com
C007,T00892,ACC0061,ACC0489,46858,2023-02-11,14:57,192.168.1.25,6759158527,user38@example.com
C009,T00893,ACC0006,ACC0315,3142,2023-06-03,12:42,192.168.1.23,6343121319,user16@example.com
C003,T00894,ACC0489,ACC0474,14381,2023-04-03,13:35,192.168.1.13,6102534458,user69@example.com
C011,T00895,ACC0488,ACC0480,37368,2023-05-04,17:47,192.168.1.15,7428851976,user72@example.com
C002,T00896,ACC0377,ACC0225,65425,2023-02-28,10:05,192.168.1.11,7710898914,user57@example.com
C013,T00897,ACC0354,ACC0337,39821,2023-02-22,18:16,192.168.1.49,7863677453,user73@example.com
C004,T00898,ACC0221,ACC0266,30450,2023-02-04,17:15,192.168.1.17,8342648194,user87@example.com
C016,T00899,ACC0474,ACC0209,50529,2023-06-09,19:01,192.168.1.14,8484887910,user98@example.com
C008,T00900,ACC0269,ACC0294,2067,2023-05-01,11:27,192.168.1.18,8490349932,user88@example.com
C007,T00901,ACC0346,ACC0308,29511,2023-06-04,20:27,192.168.1.43,9398869574,user68@example.com
C014,T00902,ACC0288,ACC0342,71099,2023-04-19,05:29,192.168.1.47,7710898914,user1@example.com
C010,T00903,ACC0403,ACC0026,66426,2023-03-04,03:53,192.168.1.34,9053720883,user46@example.com
C005,T00904,ACC0008,ACC0375,38922,2023-02-13,14:27,192.168.1.27,9065427609,user97@example.com
C011,T00905,ACC0302,ACC0359,75986,2023-04-11,23:56,192.168.1.13,8614333799,user85@example.com
C002,T00906,ACC0297,ACC0374,31293,2023-06-26,08:07,192.168.1.44,8484887910,user81@example.com
C018,T00907,ACC0444,ACC0388,64276,2023-01-13,06:21,192.168.1.12,6535183618,user96@example.com
C014,T00908,ACC0057,ACC0472,17312,2023-06-10,00:52,192.168.1.41,8774650162,user77@example.com
C004,T00909,ACC0367,ACC0316,89197,2023-01-14,09:17,192.168.1.10,6787254499,user11@example.com
C001,T00910,ACC0381,ACC0047,10666,2023-05-06,10:39,192.168.1.37,9791498276,user67@example.com
C010,T00911,ACC0196,ACC0266,14519,2023-03-23,20:54,192.168.1.29,7800468073,user74@example.com
C016,T00912,ACC0455,ACC0026,77892,2023-02-18,11:40,192.168.1.36,8316770490,user88@example.com
C004,T00913,ACC0279,ACC0185,85907,2023-04-21,08:01,192.168.1.47,8292127919,user54@example.com
C017,T00914,ACC0009,ACC0370,68764,2023-01-08,06:45,192.168.1.17,6265275990,user40@example.com
C020,T00915,ACC0204,ACC0339,23303,2023-06-29,20:35,192.168.1.34,6075693840,user71@example.com
C016,T00916,ACC0127,ACC0043,15235,2023-03-10,21:38,192.168.1.28,9533523285,user75@example.com
C017,T00917,ACC0091,ACC0477,48477,2023-04-14,06:39,192.168.1.19,6690167049,user77@example.com
C005,T00918,ACC0179,ACC0034,38282,2023-05-30,00:26,192.168.1.44,8342648194,user11@example.com
C015,T00919,ACC0210,ACC0015,36795,2023-01-01,15:50,192.168.1.30,7472360950,user10@example.com
C020,T00920,ACC0014,ACC0149,1020,2023-04-22,22:15,192.168.1.40,8094684812,user63@example.com
C008,T00921,ACC0417,ACC0281,57950,2023-05-10,01:34,192.168.1.4,6127847302,user9@example.com
C015,T00922,ACC0387,ACC0476,31167,2023-06-18,00:02,192.168.1.12,6597366321,user83@example.com
C020,T00923,ACC0473,ACC0240,67452,2023-02-28,06:40,192.168.1.44,6535183618,user97@example.com
C004,T00924,ACC0436,ACC0319,82133,2023-01-05,13:09,192.168.1.32,8100463831,user85@example.com
C001,T00925,ACC0358,ACC0347,94294,2023-01-18,04:45,192.168.1.19,7341824550,user66@example.com
C019,T00926,ACC0201,ACC0111,43458,2023-03-26,18:52,192.168.1.30,9131228177,user74@example.com
C012,T00927,ACC0443,ACC0145,7995,2023-02-16,01:35,192.168.1.33,6265275990,user18@example.com
C011,T00928,ACC0269,ACC0486,70080,2023-01-02,17:21,192.168.1.22,6361615148,user48@example.com
C002,T00929,ACC0386,ACC0087,82332,2023-02-22,00:58,192.168.1.26,6256720444,user92@example.com
C020,T00930,ACC0064,ACC0482,80735,2023-01-09,23:37,192.168.1.18,8342648194,user12@example.com
C008,T00931,ACC0297,ACC0258,39892,2023-04-23,05:17,192.168.1.7,9596216699,user98@example.com
C012,T00932,ACC0185,ACC0405,20966,2023-06-06,19:10,192.168.1.31,8292127919,user20@example.com
C007,T00933,ACC0071,ACC0111,93537,2023-05-25,17:44,192.168.1.39,9992380683,user57@example.com
C002,T00934,ACC0258,ACC0055,36506,2023-06-29,12:27,192.168.1.42,7576593210,user10@example.com
C012,T00935,ACC0292,ACC0369,56461,2023-04-04,15:20,192.168.1.42,6339920824,user21@example.com
C020,T00936,ACC0001,ACC0397,26023,2023-06-26,03:40,192.168.1.28,6212591176,user53@example.com
C003,T00937,ACC0080,ACC0120,75999,2023-03-30,21:15,192.168.1.42,9398869574,user71@example.com
C020,T00938,ACC0110,ACC0307,90855,2023-06-08,21:58,192.168.1.16,9062918245,user27@example.com
C019,T00939,ACC0143,ACC0148,13003,2023-02-05,04:13,192.168.1.20,9596216699,user58@example.com
C016,T00940,ACC0414,ACC0125,24010,2023-04-06,09:25,192.168.1.28,8292127919,user43@example.com
C015,T00941,ACC0405,ACC0222,66190,2023-06-21,00:33,192.168.1.29,7353435606,user7@example.com
C003,T00942,ACC0369,ACC0196,39892,2023-02-24,03:16,192.168.1.16,6256720444,user88@example.com
C003,T00943,ACC0374,ACC0453,1656,2023-04-20,10:10,192.168.1.34,7141735120,user2@example.com
C006,T00944,ACC0129,ACC0201,69372,2023-02-25,06:57,192.168.1.39,6759158527,user64@example.com
C005,T00945,ACC0020,ACC0218,50550,2023-03-11,10:18,192.168.1.10,8875636835,user44@example.com
C016,T00946,ACC0031,ACC0349,48399,2023-04-08,15:55,192.168.1.36,8292127919,user7@example.com
C004,T00947,ACC0496,ACC0270,51174,2023-01-27,22:27,192.168.1.25,8100463831,user45@example.com
C011,T00948,ACC0130,ACC0025,23384,2023-06-26,02:53,192.168.1.6,7816748702,user65@example.com
C014,T00949,ACC0290,ACC0449,41491,2023-04-15,21:18,192.168.1.11,7800468073,user66@example.com
C019,T00950,ACC0290,ACC0411,67395,2023-02-11,01:32,192.168.1.50,7723975431,user49@example.com
C012,T00951,ACC0311,ACC0222,46033,2023-06-26,20:21,192.168.1.8,6690167049,user97@example.com
C002,T00952,ACC0306,ACC0420,45275,2023-03-30,02:55,192.168.1.4,8851543327,user35@example.com
C020,T00953,ACC0317,ACC0022,89514,2023-02-28,20:05,192.168.1.19,8266061295,user3@example.com
C017,T00954,ACC0322,ACC0388,39829,2023-02-05,09:40,192.168.1.21,8316770490,user64@example.com
C013,T00955,ACC0127,ACC0244,46902,2023-04-03,15:09,192.168.1.28,8310891037,user15@example.com
C015,T00956,ACC0329,ACC0270,49058,2023-03-04,18:21,192.168.1.25,7749388328,user15@example.com
C007,T00957,ACC0376,ACC0024,1912,2023-01-23,17:32,192.168.1.27,7327439684,user81@example.com
C011,T00958,ACC0111,ACC0392,59746,2023-06-08,09:47,192.168.1.21,9053720883,user7@example.com
C020,T00959,ACC0130,ACC0298,45098,2023-01-18,04:16,192.168.1.1,7079007777,user87@example.com
C004,T00960,ACC0430,ACC0368,45708,2023-04-21,20:14,192.168.1.48,7141735120,user13@example.com
C006,T00961,ACC0473,ACC0156,70561,2023-03-04,23:35,192.168.1.28,9533523285,user96@example.com
C005,T00962,ACC0187,ACC0089,63377,2023-03-09,20:25,192.168.1.32,9424753779,user86@example.com
C013,T00963,ACC0281,ACC0138,50896,2023-02-18,08:43,192.168.1.15,7379961739,user98@example.com
C017,T00964,ACC0074,ACC0115,43359,2023-01-22,09:53,192.168.1.14,6075693840,user93@example.com
C016,T00965,ACC0180,ACC0433,44202,2023-02-07,05:00,192.168.1.13,7816748702,user36@example.com
C010,T00966,ACC0157,ACC0087,95029,2023-04-23,13:01,192.168.1.17,8100463831,user79@example.com
C001,T00967,ACC0353,ACC0300,68104,2023-04-21,18:01,192.168.1.27,8286929404,user83@example.com
C002,T00968,ACC0386,ACC0054,94797,2023-02-07,10:27,192.168.1.16,8618485975,user9@example.com
C011,T00969,ACC0180,ACC0359,98256,2023-02-22,16:30,192.168.1.30,9992380683,user10@example.com
C009,T00970,ACC0349,ACC0021,9725,2023-06-29,07:09,192.168.1.50,8094684812,user92@example.com
C013,T00971,ACC0461,ACC0472,51971,2023-03-15,06:45,192.168.1.2,7723975431,user93@example.com
C014,T00972,ACC0255,ACC0238,94115,2023-04-29,20:02,192.168.1.23,8774650162,user40@example.com
C004,T00973,ACC0131,ACC0039,34585,2023-06-13,14:56,192.168.1.25,9829273911,user68@example.com
C011,T00974,ACC0256,ACC0057,65135,2023-02-01,07:00,192.168.1.50,6361615148,user76@example.com
C020,T00975,ACC0225,ACC0190,5253,2023-05-13,04:32,192.168.1.42,7097967409,user44@example.com
C015,T00976,ACC0126,ACC0338,71611,2023-03-03,00:49,192.168.1.13,8310891037,user55@example.com
C009,T00977,ACC0271,ACC0021,88515,2023-05-05,17:09,192.168.1.16,9829273911,user60@example.com
C010,T00978,ACC0433,ACC0388,47430,2023-01-14,12:48,192.168.1.17,7816748702,user16@example.com
C001,T00979,ACC0068,ACC0200,88717,2023-03-15,20:10,192.168.1.3,7512704154,user75@example.com
C002,T00980,ACC0299,ACC0170,77295,2023-01-14,06:21,192.168.1.46,8310891037,user73@example.com
C016,T00981,ACC0257,ACC0483,73211,2023-06-21,19:21,192.168.1.40,9189562222,user55@example.com
C015,T00982,ACC0226,ACC0142,45803,2023-01-01,20:10,192.168.1.47,7816748702,user12@example.com
C017,T00983,ACC0043,ACC0406,89948,2023-03-10,01:00,192.168.1.9,9524267122,user70@example.com
C020,T00984,ACC0110,ACC0172,7973,2023-03-23,21:24,192.168.1.18,6241776141,user54@example.com
C005,T00985,ACC0256,ACC0105,11299,2023-03-19,16:31,192.168.1.45,8316770490,user41@example.com
C012,T00986,ACC0472,ACC0128,19975,2023-02-26,13:20,192.168.1.38,8786001402,user73@example.com
C017,T00987,ACC0040,ACC0029,65136,2023-05-11,22:23,192.168.1.13,7971860251,user68@example.com
C019,T00988,ACC0182,ACC0499,61832,2023-05-05,15:12,192.168.1.44,6298832043,user4@example.com
C013,T00989,ACC0259,ACC0280,78087,2023-06-07,11:24,192.168.1.14,8966336144,user73@example.com
C014,T00990,ACC0230,ACC0236,86994,2023-01-28,11:19,192.168.1.28,9062918245,user26@example.com
C008,T00991,ACC0253,ACC0174,84191,2023-05-13,13:06,192.168.1.11,8292127919,user23@example.com
C011,T00992,ACC0040,ACC0285,47314,2023-02-09,06:59,192.168.1.10,7141735120,user5@example.com
C006,T00993,ACC0247,ACC0070,12808,2023-05-23,04:57,192.168.1.14,7054675997,user95@example.com
C007,T00994,ACC0248,ACC0085,3160,2023-05-12,19:38,192.168.1.36,9053720883,user36@example.com
C016,T00995,ACC0288,ACC0019,59713,2023-04-01,23:49,192.168.1.10,8681135640,user48@example.com
C006,T00996,ACC0425,ACC0339,25088,2023-01-25,10:11,192.168.1.2,7723975431,user18@example.com
C007,T00997,ACC0475,ACC0417,55786,2023-06-02,10:01,192.168.1.6,8774650162,user22@example.com
C007,T00998,ACC0293,ACC0038,21741,2023-06-08,08:00,192.168.1.32,8618485975,user19@example.com
C003,T00999,ACC0347,ACC0363,34289,2023-01-28,20:40,192.168.1.2,9131228177,user2@example.com
C003,T01000,ACC0495,ACC0047,79008,2023-05-29,16:10,192.168.1.32,9857742175,user23@example.com
