transaction_id,date,from_account,to_account,amount,transaction_type,ip,phone,email,case_id,time
TID000000,2023-05-21,ACC00164,ACC00029,2598.57,WITHDRAWAL,,,,UPLOADED,12:00:00
TID000001,2023-12-13,ACC00058,ACC00036,73673.47,TRANSFER,,,,UPLOADED,12:00:00
TID000002,2023-02-17,ACC00152,ACC00109,3275.09,WITHDRAWAL,,,,UPLOADED,12:00:00
TID000003,2023-10-15,ACC00060,ACC00130,60241.67,WITHDRAWAL,,,,UPLOADED,12:00:00
TID000004,2023-08-03,ACC00184,ACC00167,70162.36,WITHDRAWAL,,,,UPLOADED,12:00:00
TID000005,2023-01-04,ACC00115,ACC00151,27891.25,WITHDRAWAL,,,,UPLOADED,12:00:00
TID000006,2023-03-21,ACC00179,ACC00109,34091.03,WITHDRAWAL,,,,UPLOADED,12:00:00
TID000007,2023-07-14,ACC00196,ACC00087,10310.81,TRANSFER,,,,UPLOADED,12:00:00
TID000008,2023-01-23,ACC00092,ACC00089,60412.23,PAYMENT,,,,UPLOADED,12:00:00
TID000009,2023-07-13,ACC00138,ACC00032,97314.26,TRANSFER,,,,UPLOADED,12:00:00
TID000010,2023-11-13,ACC00142,ACC00076,82957.53,DEPOSIT,,,,UPLOADED,12:00:00
TID000011,2023-01-24,ACC00148,ACC00050,70486.73,WITHDRAWAL,,,,UPLOADED,12:00:00
TID000012,2023-04-30,ACC00198,ACC00075,98523.63,TRANSFER,,,,UPLOADED,12:00:00
TID000013,2023-07-06,ACC00098,ACC00072,45395.69,WITHDRAWAL,,,,UPLOADED,12:00:00
TID000014,2023-05-17,ACC00095,ACC00091,21029.75,TRANSFER,,,,UPLOADED,12:00:00
TID000015,2023-05-06,ACC00156,ACC00163,17196.75,WITHDRAWAL,,,,UPLOADED,12:00:00
TID000016,2023-11-24,ACC00119,ACC00098,27067.79,WITHDRAWAL,,,,UPLOADED,12:00:00
TID000017,2023-01-29,ACC00176,ACC00084,84300.91,WITHDRAWAL,,,,UPLOADED,12:00:00
TID000018,2023-02-03,ACC00009,ACC00081,40176.36,WITHDRAWAL,,,,UPLOADED,12:00:00
TID000019,2023-12-02,ACC00146,ACC00184,31536.32,PAYMENT,,,,UPLOADED,12:00:00
TID000020,2023-05-16,ACC00102,ACC00165,45939.3,WITHDRAWAL,,,,UPLOADED,12:00:00
TID000021,2023-05-15,ACC00064,ACC00191,56180.68,PAYMENT,,,,UPLOADED,12:00:00
TID000022,2023-03-12,ACC00150,ACC00103,36263.44,PAYMENT,,,,UPLOADED,12:00:00
TID000023,2023-02-26,ACC00024,ACC00194,4806.93,WITHDRAWAL,,,,UPLOADED,12:00:00
TID000024,2023-08-05,ACC00161,ACC00041,79228.73,TRANSFER,,,,UPLOADED,12:00:00
TID000025,2023-08-28,ACC00099,ACC00098,59629.25,DEPOSIT,,,,UPLOADED,12:00:00
TID000026,2023-02-28,ACC00142,ACC00003,68060.31,DEPOSIT,,,,UPLOADED,12:00:00
TID000027,2023-05-31,ACC00197,ACC00165,34083.53,PAYMENT,,,,UPLOADED,12:00:00
TID000028,2023-05-15,ACC00041,ACC00117,424.21,WITHDRAWAL,,,,UPLOADED,12:00:00
TID000029,2023-06-02,ACC00130,ACC00028,87064.81,WITHDRAWAL,,,,UPLOADED,12:00:00
TID000030,2023-10-04,ACC00040,ACC00096,76274.83,TRANSFER,,,,UPLOADED,12:00:00
TID000031,2023-02-27,ACC00154,ACC00083,48911.71,DEPOSIT,,,,UPLOADED,12:00:00
TID000032,2023-10-18,ACC00079,ACC00062,5886.72,TRANSFER,,,,UPLOADED,12:00:00
TID000033,2023-02-05,ACC00022,ACC00188,48650.45,WITHDRAWAL,,,,UPLOADED,12:00:00
TID000034,2023-10-09,ACC00033,ACC00169,47580.71,WITHDRAWAL,,,,UPLOADED,12:00:00
TID000035,2023-08-05,ACC00068,ACC00136,87256.06,WITHDRAWAL,,,,UPLOADED,12:00:00
TID000036,2023-04-13,ACC00139,ACC00194,73020.11,DEPOSIT,,,,UPLOADED,12:00:00
TID000037,2023-08-13,ACC00103,ACC00172,65022.82,PAYMENT,,,,UPLOADED,12:00:00
TID000038,2023-06-23,ACC00031,ACC00064,22547.26,TRANSFER,,,,UPLOADED,12:00:00
TID000039,2023-04-23,ACC00151,ACC00142,23088.46,TRANSFER,,,,UPLOADED,12:00:00
TID000040,2023-04-28,ACC00019,ACC00182,63147.19,TRANSFER,,,,UPLOADED,12:00:00
TID000041,2023-05-02,ACC00009,ACC00085,7178.65,DEPOSIT,,,,UPLOADED,12:00:00
TID000042,2023-03-09,ACC00172,ACC00125,21502.26,PAYMENT,,,,UPLOADED,12:00:00
TID000043,2023-04-08,ACC00063,ACC00122,80768.95,TRANSFER,,,,UPLOADED,12:00:00
TID000044,2023-08-05,ACC00025,ACC00169,43162.01,PAYMENT,,,,UPLOADED,12:00:00
TID000045,2023-12-01,ACC00120,ACC00187,5511.7,TRANSFER,,,,UPLOADED,12:00:00
TID000046,2023-02-25,ACC00016,ACC00104,72848.54,WITHDRAWAL,,,,UPLOADED,12:00:00
TID000047,2023-03-13,ACC00050,ACC00049,53674.95,PAYMENT,,,,UPLOADED,12:00:00
TID000048,2023-02-08,ACC00047,ACC00072,46316.54,PAYMENT,,,,UPLOADED,12:00:00
TID000049,2023-10-04,ACC00141,ACC00026,5153.77,TRANSFER,,,,UPLOADED,12:00:00
TID000050,2023-03-27,ACC00024,ACC00193,84884.7,PAYMENT,,,,UPLOADED,12:00:00
TID000051,2023-07-25,ACC00125,ACC00124,21453.36,TRANSFER,,,,UPLOADED,12:00:00
TID000052,2023-07-19,ACC00043,ACC00098,315.32,DEPOSIT,,,,UPLOADED,12:00:00
TID000053,2023-10-12,ACC00117,ACC00074,42358.45,PAYMENT,,,,UPLOADED,12:00:00
TID000054,2023-01-30,ACC00040,ACC00049,29741.11,TRANSFER,,,,UPLOADED,12:00:00
TID000055,2023-10-27,ACC00192,ACC00081,5810.81,PAYMENT,,,,UPLOADED,12:00:00
TID000056,2023-09-18,ACC00129,ACC00136,15827.53,TRANSFER,,,,UPLOADED,12:00:00
TID000057,2023-12-12,ACC00048,ACC00018,59544.01,WITHDRAWAL,,,,UPLOADED,12:00:00
TID000058,2023-10-19,ACC00104,ACC00031,94165.45,WITHDRAWAL,,,,UPLOADED,12:00:00
TID000059,2023-02-11,ACC00149,ACC00153,4070.19,PAYMENT,,,,UPLOADED,12:00:00
TID000060,2023-06-11,ACC00169,ACC00150,56566.17,DEPOSIT,,,,UPLOADED,12:00:00
TID000061,2023-05-03,ACC00053,ACC00172,71647.56,DEPOSIT,,,,UPLOADED,12:00:00
TID000062,2023-06-03,ACC00102,ACC00034,67201.85,PAYMENT,,,,UPLOADED,12:00:00
TID000063,2023-01-05,ACC00081,ACC00193,93579.86,PAYMENT,,,,UPLOADED,12:00:00
TID000064,2023-02-07,ACC00160,ACC00145,99610.04,WITHDRAWAL,,,,UPLOADED,12:00:00
TID000065,2023-06-28,ACC00130,ACC00068,13332.41,TRANSFER,,,,UPLOADED,12:00:00
TID000066,2023-08-13,ACC00063,ACC00095,28570.24,DEPOSIT,,,,UPLOADED,12:00:00
TID000067,2023-12-08,ACC00157,ACC00168,52941.18,DEPOSIT,,,,UPLOADED,12:00:00
TID000068,2023-03-10,ACC00170,ACC00027,93899.11,DEPOSIT,,,,UPLOADED,12:00:00
TID000069,2023-03-21,ACC00030,ACC00028,74267.43,DEPOSIT,,,,UPLOADED,12:00:00
TID000070,2023-06-25,ACC00073,ACC00155,21141.9,WITHDRAWAL,,,,UPLOADED,12:00:00
TID000071,2023-09-16,ACC00176,ACC00163,85305.99,PAYMENT,,,,UPLOADED,12:00:00
TID000072,2023-08-05,ACC00065,ACC00014,9320.62,DEPOSIT,,,,UPLOADED,12:00:00
TID000073,2023-03-08,ACC00012,ACC00001,33422.3,DEPOSIT,,,,UPLOADED,12:00:00
TID000074,2023-12-28,ACC00042,ACC00190,44239.37,PAYMENT,,,,UPLOADED,12:00:00
TID000075,2023-12-20,ACC00144,ACC00003,11276.2,WITHDRAWAL,,,,UPLOADED,12:00:00
TID000076,2023-10-26,ACC00140,ACC00010,83476.04,WITHDRAWAL,,,,UPLOADED,12:00:00
TID000077,2023-07-06,ACC00111,ACC00033,4278.7,TRANSFER,,,,UPLOADED,12:00:00
TID000078,2023-12-08,ACC00092,ACC00054,68238.46,TRANSFER,,,,UPLOADED,12:00:00
TID000079,2023-07-28,ACC00091,ACC00200,56032.36,WITHDRAWAL,,,,UPLOADED,12:00:00
TID000080,2023-04-01,ACC00061,ACC00042,97622.98,PAYMENT,,,,UPLOADED,12:00:00
TID000081,2023-06-20,ACC00007,ACC00046,73682.79,PAYMENT,,,,UPLOADED,12:00:00
TID000082,2023-05-17,ACC00172,ACC00189,81093.86,WITHDRAWAL,,,,UPLOADED,12:00:00
TID000083,2023-01-20,ACC00180,ACC00028,38315.92,PAYMENT,,,,UPLOADED,12:00:00
TID000084,2023-08-24,ACC00057,ACC00052,81677.0,DEPOSIT,,,,UPLOADED,12:00:00
TID000085,2023-12-04,ACC00079,ACC00059,22370.06,WITHDRAWAL,,,,UPLOADED,12:00:00
TID000086,2023-02-05,ACC00103,ACC00085,27932.45,DEPOSIT,,,,UPLOADED,12:00:00
TID000087,2023-12-14,ACC00090,ACC00165,50989.63,DEPOSIT,,,,UPLOADED,12:00:00
TID000088,2023-05-14,ACC00008,ACC00030,87716.14,WITHDRAWAL,,,,UPLOADED,12:00:00
TID000089,2023-11-02,ACC00149,ACC00068,3921.89,PAYMENT,,,,UPLOADED,12:00:00
TID000090,2023-08-12,ACC00089,ACC00187,78664.18,TRANSFER,,,,UPLOADED,12:00:00
TID000091,2023-01-23,ACC00099,ACC00148,19088.87,PAYMENT,,,,UPLOADED,12:00:00
TID000092,2023-10-03,ACC00001,ACC00134,92564.96,WITHDRAWAL,,,,UPLOADED,12:00:00
TID000093,2023-12-07,ACC00094,ACC00111,7090.38,DEPOSIT,,,,UPLOADED,12:00:00
TID000094,2023-03-05,ACC00160,ACC00081,66372.41,DEPOSIT,,,,UPLOADED,12:00:00
TID000095,2023-06-17,ACC00130,ACC00080,66722.6,PAYMENT,,,,UPLOADED,12:00:00
TID000096,2023-04-09,ACC00179,ACC00076,55485.81,PAYMENT,,,,UPLOADED,12:00:00
TID000097,2023-03-31,ACC00171,ACC00098,67764.06,DEPOSIT,,,,UPLOADED,12:00:00
TID000098,2023-06-05,ACC00104,ACC00141,83389.14,DEPOSIT,,,,UPLOADED,12:00:00
TID000099,2023-11-07,ACC00054,ACC00111,78597.31,DEPOSIT,,,,UPLOADED,12:00:00
TID000100,2023-04-20,ACC00120,ACC00114,44271.76,PAYMENT,,,,UPLOADED,12:00:00
TID000101,2023-05-26,ACC00189,ACC00044,65919.19,DEPOSIT,,,,UPLOADED,12:00:00
TID000102,2023-06-08,ACC00024,ACC00193,23563.37,WITHDRAWAL,,,,UPLOADED,12:00:00
TID000103,2023-05-06,ACC00051,ACC00038,2540.1,PAYMENT,,,,UPLOADED,12:00:00
TID000104,2023-08-01,ACC00157,ACC00197,7375.54,WITHDRAWAL,,,,UPLOADED,12:00:00
TID000105,2023-07-24,ACC00184,ACC00179,38459.45,WITHDRAWAL,,,,UPLOADED,12:00:00
TID000106,2023-02-24,ACC00038,ACC00168,68793.48,PAYMENT,,,,UPLOADED,12:00:00
TID000107,2023-12-23,ACC00057,ACC00046,80430.57,PAYMENT,,,,UPLOADED,12:00:00
TID000108,2023-03-04,ACC00013,ACC00143,24994.91,PAYMENT,,,,UPLOADED,12:00:00
TID000109,2023-10-14,ACC00035,ACC00119,66791.02,DEPOSIT,,,,UPLOADED,12:00:00
TID000110,2023-09-16,ACC00194,ACC00114,61303.97,PAYMENT,,,,UPLOADED,12:00:00
TID000111,2023-09-01,ACC00141,ACC00115,89731.09,PAYMENT,,,,UPLOADED,12:00:00
TID000112,2023-11-23,ACC00067,ACC00193,24799.25,DEPOSIT,,,,UPLOADED,12:00:00
TID000113,2023-11-17,ACC00197,ACC00200,52177.85,WITHDRAWAL,,,,UPLOADED,12:00:00
TID000114,2023-05-27,ACC00071,ACC00113,7840.59,WITHDRAWAL,,,,UPLOADED,12:00:00
TID000115,2023-10-04,ACC00070,ACC00086,32038.99,TRANSFER,,,,UPLOADED,12:00:00
TID000116,2023-12-22,ACC00036,ACC00039,23203.02,WITHDRAWAL,,,,UPLOADED,12:00:00
TID000117,2023-07-28,ACC00181,ACC00055,6516.46,DEPOSIT,,,,UPLOADED,12:00:00
TID000118,2023-04-16,ACC00139,ACC00120,41635.85,PAYMENT,,,,UPLOADED,12:00:00
TID000119,2023-12-23,ACC00100,ACC00198,58449.53,TRANSFER,,,,UPLOADED,12:00:00
TID000120,2023-01-04,ACC00196,ACC00148,38100.06,DEPOSIT,,,,UPLOADED,12:00:00
TID000121,2023-08-03,ACC00077,ACC00193,39059.67,WITHDRAWAL,,,,UPLOADED,12:00:00
TID000122,2023-09-06,ACC00125,ACC00057,27366.24,TRANSFER,,,,UPLOADED,12:00:00
TID000123,2023-07-27,ACC00100,ACC00087,66920.47,WITHDRAWAL,,,,UPLOADED,12:00:00
TID000124,2023-10-01,ACC00120,ACC00033,98074.13,TRANSFER,,,,UPLOADED,12:00:00
TID000125,2023-01-14,ACC00101,ACC00152,56482.76,TRANSFER,,,,UPLOADED,12:00:00
TID000126,2023-08-25,ACC00165,ACC00110,13656.38,WITHDRAWAL,,,,UPLOADED,12:00:00
TID000127,2023-04-19,ACC00013,ACC00067,37972.48,PAYMENT,,,,UPLOADED,12:00:00
TID000128,2023-07-14,ACC00084,ACC00087,76146.85,DEPOSIT,,,,UPLOADED,12:00:00
TID000129,2023-02-11,ACC00193,ACC00108,25301.93,PAYMENT,,,,UPLOADED,12:00:00
TID000130,2023-06-29,ACC00005,ACC00192,53987.96,WITHDRAWAL,,,,UPLOADED,12:00:00
TID000131,2023-11-30,ACC00167,ACC00018,78145.18,TRANSFER,,,,UPLOADED,12:00:00
TID000132,2023-04-13,ACC00194,ACC00008,94966.21,TRANSFER,,,,UPLOADED,12:00:00
TID000133,2023-08-31,ACC00160,ACC00040,23930.64,TRANSFER,,,,UPLOADED,12:00:00
TID000134,2023-05-12,ACC00145,ACC00056,46556.89,DEPOSIT,,,,UPLOADED,12:00:00
TID000135,2023-02-28,ACC00043,ACC00156,60764.02,WITHDRAWAL,,,,UPLOADED,12:00:00
TID000136,2023-06-09,ACC00080,ACC00028,57910.6,PAYMENT,,,,UPLOADED,12:00:00
TID000137,2023-10-31,ACC00102,ACC00184,19913.14,WITHDRAWAL,,,,UPLOADED,12:00:00
TID000138,2023-12-17,ACC00027,ACC00179,77270.84,TRANSFER,,,,UPLOADED,12:00:00
TID000139,2023-08-08,ACC00145,ACC00011,34785.66,DEPOSIT,,,,UPLOADED,12:00:00
TID000140,2023-01-07,ACC00018,ACC00130,64789.57,PAYMENT,,,,UPLOADED,12:00:00
TID000141,2023-07-05,ACC00126,ACC00028,43408.99,PAYMENT,,,,UPLOADED,12:00:00
TID000142,2023-09-25,ACC00182,ACC00040,43605.17,DEPOSIT,,,,UPLOADED,12:00:00
TID000143,2023-08-27,ACC00158,ACC00138,77486.68,PAYMENT,,,,UPLOADED,12:00:00
TID000144,2023-05-06,ACC00188,ACC00152,26912.71,TRANSFER,,,,UPLOADED,12:00:00
TID000145,2023-08-26,ACC00072,ACC00116,24461.96,PAYMENT,,,,UPLOADED,12:00:00
TID000146,2023-06-16,ACC00087,ACC00008,49481.22,WITHDRAWAL,,,,UPLOADED,12:00:00
TID000147,2023-05-13,ACC00125,ACC00055,35547.01,DEPOSIT,,,,UPLOADED,12:00:00
TID000148,2023-05-22,ACC00072,ACC00153,70148.26,TRANSFER,,,,UPLOADED,12:00:00
TID000149,2023-07-28,ACC00133,ACC00049,8652.73,PAYMENT,,,,UPLOADED,12:00:00
TID000150,2023-09-01,ACC00143,ACC00195,24108.36,PAYMENT,,,,UPLOADED,12:00:00
TID000151,2023-04-24,ACC00115,ACC00005,9396.03,PAYMENT,,,,UPLOADED,12:00:00
TID000152,2023-10-25,ACC00178,ACC00063,30689.98,DEPOSIT,,,,UPLOADED,12:00:00
TID000153,2023-08-06,ACC00122,ACC00142,53139.1,DEPOSIT,,,,UPLOADED,12:00:00
TID000154,2023-06-06,ACC00091,ACC00180,45429.15,DEPOSIT,,,,UPLOADED,12:00:00
TID000155,2023-06-11,ACC00060,ACC00031,72156.3,TRANSFER,,,,UPLOADED,12:00:00
TID000156,2023-12-20,ACC00191,ACC00138,95092.67,WITHDRAWAL,,,,UPLOADED,12:00:00
TID000157,2023-05-22,ACC00050,ACC00056,73886.6,DEPOSIT,,,,UPLOADED,12:00:00
TID000158,2023-07-04,ACC00026,ACC00050,29695.02,WITHDRAWAL,,,,UPLOADED,12:00:00
TID000159,2023-03-06,ACC00078,ACC00004,70831.05,DEPOSIT,,,,UPLOADED,12:00:00
TID000160,2023-12-24,ACC00012,ACC00014,55380.56,WITHDRAWAL,,,,UPLOADED,12:00:00
TID000161,2023-01-07,ACC00164,ACC00193,49138.78,DEPOSIT,,,,UPLOADED,12:00:00
TID000162,2023-04-05,ACC00121,ACC00123,44102.83,TRANSFER,,,,UPLOADED,12:00:00
TID000163,2023-02-03,ACC00065,ACC00123,11497.31,PAYMENT,,,,UPLOADED,12:00:00
TID000164,2023-12-18,ACC00126,ACC00019,57744.41,TRANSFER,,,,UPLOADED,12:00:00
TID000165,2023-02-13,ACC00039,ACC00145,94917.65,WITHDRAWAL,,,,UPLOADED,12:00:00
TID000166,2023-11-07,ACC00031,ACC00143,76467.9,WITHDRAWAL,,,,UPLOADED,12:00:00
TID000167,2023-08-15,ACC00199,ACC00134,38099.76,DEPOSIT,,,,UPLOADED,12:00:00
TID000168,2023-11-14,ACC00151,ACC00110,30607.49,TRANSFER,,,,UPLOADED,12:00:00
TID000169,2023-04-17,ACC00157,ACC00190,10013.43,WITHDRAWAL,,,,UPLOADED,12:00:00
TID000170,2023-05-03,ACC00068,ACC00170,8210.63,WITHDRAWAL,,,,UPLOADED,12:00:00
TID000171,2023-07-29,ACC00142,ACC00020,15737.61,PAYMENT,,,,UPLOADED,12:00:00
TID000172,2023-01-17,ACC00177,ACC00153,47044.26,WITHDRAWAL,,,,UPLOADED,12:00:00
TID000173,2023-08-21,ACC00074,ACC00181,28343.57,TRANSFER,,,,UPLOADED,12:00:00
TID000174,2023-11-17,ACC00176,ACC00060,92398.71,WITHDRAWAL,,,,UPLOADED,12:00:00
TID000175,2023-11-28,ACC00109,ACC00030,54501.78,WITHDRAWAL,,,,UPLOADED,12:00:00
TID000176,2023-03-26,ACC00069,ACC00037,7233.84,DEPOSIT,,,,UPLOADED,12:00:00
TID000177,2023-05-28,ACC00153,ACC00192,82441.61,PAYMENT,,,,UPLOADED,12:00:00
TID000178,2023-12-25,ACC00032,ACC00120,68898.93,PAYMENT,,,,UPLOADED,12:00:00
TID000179,2023-08-13,ACC00070,ACC00129,54044.16,TRANSFER,,,,UPLOADED,12:00:00
TID000180,2023-06-15,ACC00154,ACC00011,88953.35,DEPOSIT,,,,UPLOADED,12:00:00
TID000181,2023-12-12,ACC00007,ACC00024,22969.55,TRANSFER,,,,UPLOADED,12:00:00
TID000182,2023-10-23,ACC00196,ACC00173,82159.98,TRANSFER,,,,UPLOADED,12:00:00
TID000183,2023-09-23,ACC00196,ACC00194,17601.55,PAYMENT,,,,UPLOADED,12:00:00
TID000184,2023-08-12,ACC00072,ACC00047,99694.85,PAYMENT,,,,UPLOADED,12:00:00
TID000185,2023-06-20,ACC00024,ACC00121,34861.31,DEPOSIT,,,,UPLOADED,12:00:00
TID000186,2023-06-18,ACC00172,ACC00027,85787.54,PAYMENT,,,,UPLOADED,12:00:00
TID000187,2023-07-25,ACC00178,ACC00127,28892.96,TRANSFER,,,,UPLOADED,12:00:00
TID000188,2023-06-15,ACC00117,ACC00023,31520.26,TRANSFER,,,,UPLOADED,12:00:00
TID000189,2023-01-01,ACC00198,ACC00104,86504.57,PAYMENT,,,,UPLOADED,12:00:00
TID000190,2023-07-05,ACC00106,ACC00014,18839.5,PAYMENT,,,,UPLOADED,12:00:00
TID000191,2023-04-15,ACC00161,ACC00114,76023.05,DEPOSIT,,,,UPLOADED,12:00:00
TID000192,2023-08-13,ACC00141,ACC00034,92774.51,PAYMENT,,,,UPLOADED,12:00:00
TID000193,2023-11-08,ACC00032,ACC00008,97317.37,WITHDRAWAL,,,,UPLOADED,12:00:00
TID000194,2023-01-08,ACC00182,ACC00041,31143.94,PAYMENT,,,,UPLOADED,12:00:00
TID000195,2023-02-28,ACC00024,ACC00058,99226.49,PAYMENT,,,,UPLOADED,12:00:00
TID000196,2023-09-13,ACC00031,ACC00166,83231.1,DEPOSIT,,,,UPLOADED,12:00:00
TID000197,2023-09-05,ACC00131,ACC00181,27415.15,PAYMENT,,,,UPLOADED,12:00:00
TID000198,2023-07-16,ACC00063,ACC00117,55171.38,WITHDRAWAL,,,,UPLOADED,12:00:00
TID000199,2023-03-11,ACC00154,ACC00131,74654.63,TRANSFER,,,,UPLOADED,12:00:00
TID000200,2023-08-01,ACC00071,ACC00198,79021.62,DEPOSIT,,,,UPLOADED,12:00:00
TID000201,2023-05-25,ACC00130,ACC00069,82072.89,DEPOSIT,,,,UPLOADED,12:00:00
TID000202,2023-09-08,ACC00151,ACC00149,99890.34,WITHDRAWAL,,,,UPLOADED,12:00:00
TID000203,2023-06-20,ACC00115,ACC00138,48485.7,PAYMENT,,,,UPLOADED,12:00:00
TID000204,2023-12-24,ACC00117,ACC00083,86973.21,WITHDRAWAL,,,,UPLOADED,12:00:00
TID000205,2023-07-30,ACC00147,ACC00099,23432.89,TRANSFER,,,,UPLOADED,12:00:00
TID000206,2023-07-15,ACC00082,ACC00191,47350.33,PAYMENT,,,,UPLOADED,12:00:00
TID000207,2023-09-11,ACC00170,ACC00167,98083.73,TRANSFER,,,,UPLOADED,12:00:00
TID000208,2023-06-19,ACC00033,ACC00129,96538.82,TRANSFER,,,,UPLOADED,12:00:00
TID000209,2023-08-22,ACC00113,ACC00026,52642.51,TRANSFER,,,,UPLOADED,12:00:00
TID000210,2023-12-02,ACC00185,ACC00037,41056.86,WITHDRAWAL,,,,UPLOADED,12:00:00
TID000211,2023-05-16,ACC00020,ACC00121,78174.38,DEPOSIT,,,,UPLOADED,12:00:00
TID000212,2023-02-11,ACC00160,ACC00178,39808.58,DEPOSIT,,,,UPLOADED,12:00:00
TID000213,2023-06-12,ACC00173,ACC00137,38062.94,PAYMENT,,,,UPLOADED,12:00:00
TID000214,2023-05-01,ACC00139,ACC00010,61784.2,DEPOSIT,,,,UPLOADED,12:00:00
TID000215,2023-02-20,ACC00059,ACC00192,9128.9,TRANSFER,,,,UPLOADED,12:00:00
TID000216,2023-01-15,ACC00114,ACC00043,69430.72,TRANSFER,,,,UPLOADED,12:00:00
TID000217,2023-07-11,ACC00084,ACC00015,29407.44,PAYMENT,,,,UPLOADED,12:00:00
TID000218,2023-10-17,ACC00038,ACC00063,53163.52,WITHDRAWAL,,,,UPLOADED,12:00:00
TID000219,2023-07-15,ACC00044,ACC00045,7988.94,WITHDRAWAL,,,,UPLOADED,12:00:00
TID000220,2023-08-25,ACC00128,ACC00150,14397.46,DEPOSIT,,,,UPLOADED,12:00:00
TID000221,2023-08-27,ACC00118,ACC00066,66717.39,DEPOSIT,,,,UPLOADED,12:00:00
TID000222,2023-08-15,ACC00174,ACC00140,15881.76,DEPOSIT,,,,UPLOADED,12:00:00
TID000223,2023-08-06,ACC00151,ACC00077,63929.98,DEPOSIT,,,,UPLOADED,12:00:00
TID000224,2023-07-16,ACC00117,ACC00078,20001.78,PAYMENT,,,,UPLOADED,12:00:00
TID000225,2023-07-03,ACC00028,ACC00061,38198.29,DEPOSIT,,,,UPLOADED,12:00:00
TID000226,2023-12-04,ACC00180,ACC00076,2291.77,PAYMENT,,,,UPLOADED,12:00:00
TID000227,2023-12-18,ACC00071,ACC00003,56636.31,TRANSFER,,,,UPLOADED,12:00:00
TID000228,2023-05-27,ACC00156,ACC00191,49723.06,WITHDRAWAL,,,,UPLOADED,12:00:00
TID000229,2023-04-08,ACC00156,ACC00091,21978.55,DEPOSIT,,,,UPLOADED,12:00:00
TID000230,2023-12-04,ACC00174,ACC00194,72120.74,WITHDRAWAL,,,,UPLOADED,12:00:00
TID000231,2023-11-27,ACC00161,ACC00025,90350.03,TRANSFER,,,,UPLOADED,12:00:00
TID000232,2023-07-06,ACC00080,ACC00113,3433.12,WITHDRAWAL,,,,UPLOADED,12:00:00
TID000233,2023-08-01,ACC00024,ACC00076,32739.24,WITHDRAWAL,,,,UPLOADED,12:00:00
TID000234,2023-07-07,ACC00052,ACC00034,78672.63,DEPOSIT,,,,UPLOADED,12:00:00
TID000235,2023-09-04,ACC00043,ACC00066,91413.49,DEPOSIT,,,,UPLOADED,12:00:00
TID000236,2023-08-28,ACC00192,ACC00087,80442.83,TRANSFER,,,,UPLOADED,12:00:00
TID000237,2023-12-13,ACC00037,ACC00194,96653.37,PAYMENT,,,,UPLOADED,12:00:00
TID000238,2023-07-22,ACC00143,ACC00094,9121.26,TRANSFER,,,,UPLOADED,12:00:00
TID000239,2023-07-08,ACC00068,ACC00138,12446.51,DEPOSIT,,,,UPLOADED,12:00:00
TID000240,2023-07-10,ACC00150,ACC00098,82259.49,TRANSFER,,,,UPLOADED,12:00:00
TID000241,2023-11-14,ACC00173,ACC00060,47200.54,DEPOSIT,,,,UPLOADED,12:00:00
TID000242,2023-11-22,ACC00157,ACC00057,64800.47,PAYMENT,,,,UPLOADED,12:00:00
TID000243,2023-03-01,ACC00180,ACC00078,64959.02,WITHDRAWAL,,,,UPLOADED,12:00:00
TID000244,2023-09-10,ACC00012,ACC00010,30506.02,TRANSFER,,,,UPLOADED,12:00:00
TID000245,2023-03-11,ACC00025,ACC00061,88737.2,PAYMENT,,,,UPLOADED,12:00:00
TID000246,2023-12-23,ACC00117,ACC00095,67081.57,PAYMENT,,,,UPLOADED,12:00:00
TID000247,2023-08-01,ACC00151,ACC00191,72687.26,TRANSFER,,,,UPLOADED,12:00:00
TID000248,2023-05-24,ACC00126,ACC00158,40870.78,TRANSFER,,,,UPLOADED,12:00:00
TID000249,2023-08-16,ACC00177,ACC00095,21805.24,WITHDRAWAL,,,,UPLOADED,12:00:00
TID000250,2023-07-08,ACC00093,ACC00026,98094.68,DEPOSIT,,,,UPLOADED,12:00:00
TID000251,2023-03-04,ACC00016,ACC00102,27660.56,PAYMENT,,,,UPLOADED,12:00:00
TID000252,2023-11-24,ACC00024,ACC00170,21289.37,TRANSFER,,,,UPLOADED,12:00:00
TID000253,2023-03-06,ACC00013,ACC00086,24432.53,WITHDRAWAL,,,,UPLOADED,12:00:00
TID000254,2023-10-28,ACC00018,ACC00196,55465.36,WITHDRAWAL,,,,UPLOADED,12:00:00
TID000255,2023-11-02,ACC00060,ACC00085,77459.42,TRANSFER,,,,UPLOADED,12:00:00
TID000256,2023-10-04,ACC00071,ACC00038,98753.98,DEPOSIT,,,,UPLOADED,12:00:00
TID000257,2023-01-14,ACC00045,ACC00029,66139.66,WITHDRAWAL,,,,UPLOADED,12:00:00
TID000258,2023-05-02,ACC00004,ACC00092,79019.47,DEPOSIT,,,,UPLOADED,12:00:00
TID000259,2023-03-06,ACC00005,ACC00045,26610.21,PAYMENT,,,,UPLOADED,12:00:00
TID000260,2023-09-01,ACC00135,ACC00030,74591.96,PAYMENT,,,,UPLOADED,12:00:00
TID000261,2023-02-25,ACC00200,ACC00093,51372.47,PAYMENT,,,,UPLOADED,12:00:00
TID000262,2023-01-23,ACC00129,ACC00057,94547.02,DEPOSIT,,,,UPLOADED,12:00:00
TID000263,2023-02-01,ACC00118,ACC00165,96406.22,PAYMENT,,,,UPLOADED,12:00:00
TID000264,2023-09-09,ACC00103,ACC00110,68641.14,PAYMENT,,,,UPLOADED,12:00:00
TID000265,2023-03-17,ACC00019,ACC00021,32278.97,TRANSFER,,,,UPLOADED,12:00:00
TID000266,2023-10-27,ACC00033,ACC00071,62469.32,DEPOSIT,,,,UPLOADED,12:00:00
TID000267,2023-08-21,ACC00098,ACC00153,53102.63,PAYMENT,,,,UPLOADED,12:00:00
TID000268,2023-12-02,ACC00026,ACC00180,11529.97,WITHDRAWAL,,,,UPLOADED,12:00:00
TID000269,2023-07-31,ACC00111,ACC00116,88820.29,DEPOSIT,,,,UPLOADED,12:00:00
TID000270,2023-02-18,ACC00117,ACC00103,41657.37,DEPOSIT,,,,UPLOADED,12:00:00
TID000271,2023-07-11,ACC00110,ACC00081,66544.28,WITHDRAWAL,,,,UPLOADED,12:00:00
TID000272,2023-02-13,ACC00176,ACC00122,6806.62,TRANSFER,,,,UPLOADED,12:00:00
TID000273,2023-07-10,ACC00111,ACC00025,74484.44,WITHDRAWAL,,,,UPLOADED,12:00:00
TID000274,2023-10-15,ACC00143,ACC00016,58687.86,DEPOSIT,,,,UPLOADED,12:00:00
TID000275,2023-12-07,ACC00172,ACC00032,41139.78,PAYMENT,,,,UPLOADED,12:00:00
TID000276,2023-11-04,ACC00185,ACC00014,96843.02,DEPOSIT,,,,UPLOADED,12:00:00
TID000277,2023-04-19,ACC00091,ACC00027,57834.06,WITHDRAWAL,,,,UPLOADED,12:00:00
TID000278,2023-02-25,ACC00169,ACC00124,22502.06,DEPOSIT,,,,UPLOADED,12:00:00
TID000279,2023-05-23,ACC00143,ACC00095,11577.04,WITHDRAWAL,,,,UPLOADED,12:00:00
TID000280,2023-11-15,ACC00110,ACC00144,97457.21,TRANSFER,,,,UPLOADED,12:00:00
TID000281,2023-05-17,ACC00156,ACC00169,82963.13,TRANSFER,,,,UPLOADED,12:00:00
TID000282,2023-06-08,ACC00047,ACC00070,70299.61,DEPOSIT,,,,UPLOADED,12:00:00
TID000283,2023-03-15,ACC00090,ACC00002,18222.42,PAYMENT,,,,UPLOADED,12:00:00
TID000284,2023-01-16,ACC00018,ACC00037,74122.81,TRANSFER,,,,UPLOADED,12:00:00
TID000285,2023-08-03,ACC00192,ACC00136,21591.77,PAYMENT,,,,UPLOADED,12:00:00
TID000286,2023-06-16,ACC00088,ACC00041,37068.3,TRANSFER,,,,UPLOADED,12:00:00
TID000287,2023-11-13,ACC00014,ACC00040,15825.25,TRANSFER,,,,UPLOADED,12:00:00
TID000288,2023-12-05,ACC00173,ACC00021,27283.07,PAYMENT,,,,UPLOADED,12:00:00
TID000289,2023-05-20,ACC00125,ACC00156,44260.21,WITHDRAWAL,,,,UPLOADED,12:00:00
TID000290,2023-08-09,ACC00194,ACC00132,11470.37,TRANSFER,,,,UPLOADED,12:00:00
TID000291,2023-09-07,ACC00073,ACC00174,67880.78,DEPOSIT,,,,UPLOADED,12:00:00
TID000292,2023-11-03,ACC00012,ACC00057,39586.81,TRANSFER,,,,UPLOADED,12:00:00
TID000293,2023-04-19,ACC00002,ACC00053,30211.79,WITHDRAWAL,,,,UPLOADED,12:00:00
TID000294,2023-03-03,ACC00196,ACC00066,29015.77,TRANSFER,,,,UPLOADED,12:00:00
TID000295,2023-03-08,ACC00128,ACC00192,43122.44,PAYMENT,,,,UPLOADED,12:00:00
TID000296,2023-10-14,ACC00137,ACC00181,23088.06,DEPOSIT,,,,UPLOADED,12:00:00
TID000297,2023-01-22,ACC00019,ACC00102,86190.26,PAYMENT,,,,UPLOADED,12:00:00
TID000298,2023-06-10,ACC00005,ACC00118,92124.13,PAYMENT,,,,UPLOADED,12:00:00
TID000299,2023-08-02,ACC00147,ACC00104,70978.95,DEPOSIT,,,,UPLOADED,12:00:00
TID000300,2023-06-16,ACC00030,ACC00104,2183.57,WITHDRAWAL,,,,UPLOADED,12:00:00
TID000301,2023-07-05,ACC00159,ACC00118,83219.39,TRANSFER,,,,UPLOADED,12:00:00
TID000302,2023-10-29,ACC00112,ACC00028,24407.32,PAYMENT,,,,UPLOADED,12:00:00
TID000303,2023-06-08,ACC00135,ACC00021,39637.09,DEPOSIT,,,,UPLOADED,12:00:00
TID000304,2023-02-09,ACC00057,ACC00086,77933.88,TRANSFER,,,,UPLOADED,12:00:00
TID000305,2023-06-28,ACC00136,ACC00131,19470.98,DEPOSIT,,,,UPLOADED,12:00:00
TID000306,2023-05-01,ACC00187,ACC00166,81522.2,TRANSFER,,,,UPLOADED,12:00:00
TID000307,2023-11-05,ACC00038,ACC00066,19807.45,WITHDRAWAL,,,,UPLOADED,12:00:00
TID000308,2023-11-18,ACC00195,ACC00168,7627.79,PAYMENT,,,,UPLOADED,12:00:00
TID000309,2023-10-24,ACC00119,ACC00194,56417.17,PAYMENT,,,,UPLOADED,12:00:00
TID000310,2023-11-16,ACC00175,ACC00145,64334.88,DEPOSIT,,,,UPLOADED,12:00:00
TID000311,2023-02-04,ACC00161,ACC00081,15180.64,PAYMENT,,,,UPLOADED,12:00:00
TID000312,2023-05-21,ACC00114,ACC00162,30351.76,TRANSFER,,,,UPLOADED,12:00:00
TID000313,2023-08-25,ACC00091,ACC00130,7511.65,PAYMENT,,,,UPLOADED,12:00:00
TID000314,2023-05-27,ACC00010,ACC00015,36936.89,TRANSFER,,,,UPLOADED,12:00:00
TID000315,2023-09-17,ACC00166,ACC00024,61539.34,PAYMENT,,,,UPLOADED,12:00:00
TID000316,2023-01-22,ACC00119,ACC00149,55476.21,PAYMENT,,,,UPLOADED,12:00:00
TID000317,2023-11-06,ACC00147,ACC00167,18905.12,PAYMENT,,,,UPLOADED,12:00:00
TID000318,2023-08-19,ACC00129,ACC00039,95776.46,TRANSFER,,,,UPLOADED,12:00:00
TID000319,2023-11-27,ACC00088,ACC00183,8524.48,WITHDRAWAL,,,,UPLOADED,12:00:00
TID000320,2023-08-13,ACC00011,ACC00064,70791.41,WITHDRAWAL,,,,UPLOADED,12:00:00
TID000321,2023-07-18,ACC00094,ACC00096,91801.89,PAYMENT,,,,UPLOADED,12:00:00
TID000322,2023-01-27,ACC00199,ACC00087,67921.88,DEPOSIT,,,,UPLOADED,12:00:00
TID000323,2023-12-14,ACC00017,ACC00085,9541.14,PAYMENT,,,,UPLOADED,12:00:00
TID000324,2023-12-03,ACC00073,ACC00065,72400.99,WITHDRAWAL,,,,UPLOADED,12:00:00
TID000325,2023-03-14,ACC00086,ACC00021,58315.68,DEPOSIT,,,,UPLOADED,12:00:00
TID000326,2023-07-20,ACC00080,ACC00168,69878.15,WITHDRAWAL,,,,UPLOADED,12:00:00
TID000327,2023-06-08,ACC00153,ACC00182,93806.42,PAYMENT,,,,UPLOADED,12:00:00
TID000328,2023-12-10,ACC00165,ACC00085,81337.16,TRANSFER,,,,UPLOADED,12:00:00
TID000329,2023-07-05,ACC00166,ACC00172,42398.3,TRANSFER,,,,UPLOADED,12:00:00
TID000330,2023-04-20,ACC00093,ACC00080,18108.27,DEPOSIT,,,,UPLOADED,12:00:00
TID000331,2023-03-12,ACC00197,ACC00125,19281.32,WITHDRAWAL,,,,UPLOADED,12:00:00
TID000332,2023-02-21,ACC00020,ACC00076,84458.4,TRANSFER,,,,UPLOADED,12:00:00
TID000333,2023-11-13,ACC00170,ACC00087,87651.64,WITHDRAWAL,,,,UPLOADED,12:00:00
TID000334,2023-04-03,ACC00153,ACC00097,15509.85,WITHDRAWAL,,,,UPLOADED,12:00:00
TID000335,2023-07-06,ACC00185,ACC00113,4464.87,WITHDRAWAL,,,,UPLOADED,12:00:00
TID000336,2023-08-18,ACC00114,ACC00157,28564.3,WITHDRAWAL,,,,UPLOADED,12:00:00
TID000337,2023-08-29,ACC00137,ACC00062,31015.84,WITHDRAWAL,,,,UPLOADED,12:00:00
TID000338,2023-08-14,ACC00095,ACC00174,94718.3,PAYMENT,,,,UPLOADED,12:00:00
TID000339,2023-09-15,ACC00197,ACC00073,77834.59,PAYMENT,,,,UPLOADED,12:00:00
TID000340,2023-03-12,ACC00042,ACC00052,80145.8,DEPOSIT,,,,UPLOADED,12:00:00
TID000341,2023-07-10,ACC00014,ACC00165,48111.01,TRANSFER,,,,UPLOADED,12:00:00
TID000342,2023-05-26,ACC00183,ACC00133,85131.49,TRANSFER,,,,UPLOADED,12:00:00
TID000343,2023-09-20,ACC00196,ACC00042,27351.85,WITHDRAWAL,,,,UPLOADED,12:00:00
TID000344,2023-04-24,ACC00112,ACC00024,94646.68,PAYMENT,,,,UPLOADED,12:00:00
TID000345,2023-07-22,ACC00090,ACC00007,41548.2,DEPOSIT,,,,UPLOADED,12:00:00
TID000346,2023-07-11,ACC00061,ACC00099,99453.08,WITHDRAWAL,,,,UPLOADED,12:00:00
TID000347,2024-01-01,ACC00008,ACC00082,93089.51,DEPOSIT,,,,UPLOADED,12:00:00
TID000348,2023-08-30,ACC00038,ACC00036,3926.49,WITHDRAWAL,,,,UPLOADED,12:00:00
TID000349,2023-11-12,ACC00195,ACC00181,46964.1,TRANSFER,,,,UPLOADED,12:00:00
TID000350,2023-03-18,ACC00021,ACC00005,25666.8,PAYMENT,,,,UPLOADED,12:00:00
TID000351,2023-06-04,ACC00029,ACC00199,28881.35,TRANSFER,,,,UPLOADED,12:00:00
TID000352,2023-11-15,ACC00013,ACC00062,42040.57,PAYMENT,,,,UPLOADED,12:00:00
TID000353,2023-09-13,ACC00017,ACC00029,83685.1,TRANSFER,,,,UPLOADED,12:00:00
TID000354,2023-03-15,ACC00162,ACC00132,57547.24,DEPOSIT,,,,UPLOADED,12:00:00
TID000355,2023-05-04,ACC00110,ACC00001,61519.48,PAYMENT,,,,UPLOADED,12:00:00
TID000356,2023-09-26,ACC00048,ACC00171,66854.67,DEPOSIT,,,,UPLOADED,12:00:00
TID000357,2023-09-17,ACC00018,ACC00135,54453.79,TRANSFER,,,,UPLOADED,12:00:00
TID000358,2023-07-18,ACC00100,ACC00121,4449.09,DEPOSIT,,,,UPLOADED,12:00:00
TID000359,2023-02-04,ACC00065,ACC00192,1722.6,DEPOSIT,,,,UPLOADED,12:00:00
TID000360,2023-02-23,ACC00062,ACC00188,65744.73,DEPOSIT,,,,UPLOADED,12:00:00
TID000361,2023-06-23,ACC00035,ACC00012,35294.67,WITHDRAWAL,,,,UPLOADED,12:00:00
TID000362,2023-12-23,ACC00200,ACC00176,46515.83,PAYMENT,,,,UPLOADED,12:00:00
TID000363,2023-02-02,ACC00162,ACC00047,81168.62,PAYMENT,,,,UPLOADED,12:00:00
TID000364,2023-04-13,ACC00010,ACC00076,20238.94,TRANSFER,,,,UPLOADED,12:00:00
TID000365,2023-10-06,ACC00081,ACC00080,51586.82,PAYMENT,,,,UPLOADED,12:00:00
TID000366,2023-04-08,ACC00065,ACC00010,75353.76,DEPOSIT,,,,UPLOADED,12:00:00
TID000367,2023-12-02,ACC00092,ACC00200,4875.62,DEPOSIT,,,,UPLOADED,12:00:00
TID000368,2023-08-12,ACC00070,ACC00032,79954.31,PAYMENT,,,,UPLOADED,12:00:00
TID000369,2023-07-17,ACC00191,ACC00113,89474.29,DEPOSIT,,,,UPLOADED,12:00:00
TID000370,2023-07-08,ACC00048,ACC00128,69237.64,DEPOSIT,,,,UPLOADED,12:00:00
TID000371,2023-08-09,ACC00022,ACC00187,42507.52,WITHDRAWAL,,,,UPLOADED,12:00:00
TID000372,2023-02-10,ACC00140,ACC00076,32189.02,DEPOSIT,,,,UPLOADED,12:00:00
TID000373,2023-11-05,ACC00170,ACC00076,30718.94,PAYMENT,,,,UPLOADED,12:00:00
TID000374,2023-08-17,ACC00043,ACC00177,44446.45,TRANSFER,,,,UPLOADED,12:00:00
TID000375,2023-08-11,ACC00187,ACC00091,61523.66,DEPOSIT,,,,UPLOADED,12:00:00
TID000376,2023-11-23,ACC00164,ACC00015,7596.61,PAYMENT,,,,UPLOADED,12:00:00
TID000377,2023-12-14,ACC00094,ACC00132,80129.49,WITHDRAWAL,,,,UPLOADED,12:00:00
TID000378,2023-12-14,ACC00008,ACC00037,84882.06,PAYMENT,,,,UPLOADED,12:00:00
TID000379,2023-11-27,ACC00009,ACC00033,6816.61,DEPOSIT,,,,UPLOADED,12:00:00
TID000380,2023-01-17,ACC00093,ACC00099,94951.76,WITHDRAWAL,,,,UPLOADED,12:00:00
TID000381,2023-07-10,ACC00174,ACC00116,94887.47,PAYMENT,,,,UPLOADED,12:00:00
TID000382,2023-09-29,ACC00196,ACC00020,57434.79,DEPOSIT,,,,UPLOADED,12:00:00
TID000383,2023-05-08,ACC00102,ACC00081,64991.12,TRANSFER,,,,UPLOADED,12:00:00
TID000384,2023-09-23,ACC00007,ACC00189,18686.2,PAYMENT,,,,UPLOADED,12:00:00
TID000385,2023-05-14,ACC00144,ACC00031,26251.49,PAYMENT,,,,UPLOADED,12:00:00
TID000386,2023-09-09,ACC00055,ACC00157,28629.13,WITHDRAWAL,,,,UPLOADED,12:00:00
TID000387,2023-08-20,ACC00032,ACC00035,85297.35,WITHDRAWAL,,,,UPLOADED,12:00:00
TID000388,2023-12-16,ACC00183,ACC00114,99726.51,DEPOSIT,,,,UPLOADED,12:00:00
TID000389,2023-10-09,ACC00171,ACC00089,70983.09,DEPOSIT,,,,UPLOADED,12:00:00
TID000390,2023-12-25,ACC00077,ACC00041,71209.73,WITHDRAWAL,,,,UPLOADED,12:00:00
TID000391,2023-04-13,ACC00093,ACC00131,22501.74,WITHDRAWAL,,,,UPLOADED,12:00:00
TID000392,2023-10-11,ACC00061,ACC00127,2725.77,DEPOSIT,,,,UPLOADED,12:00:00
TID000393,2023-02-14,ACC00120,ACC00142,13064.15,TRANSFER,,,,UPLOADED,12:00:00
TID000394,2023-09-03,ACC00080,ACC00102,99959.54,PAYMENT,,,,UPLOADED,12:00:00
TID000395,2023-02-07,ACC00197,ACC00105,82351.61,WITHDRAWAL,,,,UPLOADED,12:00:00
TID000396,2023-08-27,ACC00082,ACC00165,7509.09,DEPOSIT,,,,UPLOADED,12:00:00
TID000397,2023-10-28,ACC00033,ACC00200,55175.21,WITHDRAWAL,,,,UPLOADED,12:00:00
TID000398,2023-01-29,ACC00197,ACC00034,43318.57,TRANSFER,,,,UPLOADED,12:00:00
TID000399,2023-03-24,ACC00133,ACC00040,30482.04,DEPOSIT,,,,UPLOADED,12:00:00
TID000400,2023-09-23,ACC00182,ACC00058,34667.71,DEPOSIT,,,,UPLOADED,12:00:00
TID000401,2023-10-10,ACC00021,ACC00065,19710.56,DEPOSIT,,,,UPLOADED,12:00:00
TID000402,2023-10-01,ACC00033,ACC00161,30352.18,TRANSFER,,,,UPLOADED,12:00:00
TID000403,2023-10-25,ACC00129,ACC00165,16946.73,WITHDRAWAL,,,,UPLOADED,12:00:00
TID000404,2023-11-06,ACC00044,ACC00169,62485.47,DEPOSIT,,,,UPLOADED,12:00:00
TID000405,2023-01-15,ACC00145,ACC00011,82541.1,TRANSFER,,,,UPLOADED,12:00:00
TID000406,2023-05-16,ACC00012,ACC00165,77125.13,WITHDRAWAL,,,,UPLOADED,12:00:00
TID000407,2023-11-24,ACC00197,ACC00147,41717.02,TRANSFER,,,,UPLOADED,12:00:00
TID000408,2023-11-25,ACC00128,ACC00161,54603.19,DEPOSIT,,,,UPLOADED,12:00:00
TID000409,2023-12-17,ACC00124,ACC00063,80488.35,PAYMENT,,,,UPLOADED,12:00:00
TID000410,2023-01-31,ACC00077,ACC00117,7390.01,WITHDRAWAL,,,,UPLOADED,12:00:00
TID000411,2023-04-15,ACC00113,ACC00107,48476.69,DEPOSIT,,,,UPLOADED,12:00:00
TID000412,2023-06-13,ACC00156,ACC00037,31326.99,DEPOSIT,,,,UPLOADED,12:00:00
TID000413,2023-09-21,ACC00103,ACC00034,76090.43,TRANSFER,,,,UPLOADED,12:00:00
TID000414,2023-05-17,ACC00082,ACC00062,46700.61,PAYMENT,,,,UPLOADED,12:00:00
TID000415,2023-05-29,ACC00064,ACC00037,9771.48,PAYMENT,,,,UPLOADED,12:00:00
TID000416,2023-03-23,ACC00158,ACC00108,24902.2,DEPOSIT,,,,UPLOADED,12:00:00
TID000417,2023-03-23,ACC00148,ACC00185,31340.22,PAYMENT,,,,UPLOADED,12:00:00
TID000418,2023-06-07,ACC00132,ACC00120,49926.09,PAYMENT,,,,UPLOADED,12:00:00
TID000419,2023-09-16,ACC00006,ACC00024,94528.76,PAYMENT,,,,UPLOADED,12:00:00
TID000420,2023-01-25,ACC00062,ACC00056,58376.08,TRANSFER,,,,UPLOADED,12:00:00
TID000421,2023-12-01,ACC00073,ACC00127,59792.13,PAYMENT,,,,UPLOADED,12:00:00
TID000422,2023-02-25,ACC00074,ACC00138,916.92,PAYMENT,,,,UPLOADED,12:00:00
TID000423,2023-07-26,ACC00035,ACC00068,72778.06,DEPOSIT,,,,UPLOADED,12:00:00
TID000424,2023-10-15,ACC00012,ACC00103,5210.65,WITHDRAWAL,,,,UPLOADED,12:00:00
TID000425,2023-07-17,ACC00093,ACC00142,28931.31,PAYMENT,,,,UPLOADED,12:00:00
TID000426,2023-11-16,ACC00196,ACC00141,28044.1,TRANSFER,,,,UPLOADED,12:00:00
TID000427,2023-06-23,ACC00033,ACC00025,39450.98,DEPOSIT,,,,UPLOADED,12:00:00
TID000428,2023-09-18,ACC00194,ACC00037,19985.88,PAYMENT,,,,UPLOADED,12:00:00
TID000429,2023-03-12,ACC00129,ACC00011,4625.8,DEPOSIT,,,,UPLOADED,12:00:00
TID000430,2023-11-07,ACC00122,ACC00133,45753.16,WITHDRAWAL,,,,UPLOADED,12:00:00
TID000431,2023-07-21,ACC00084,ACC00157,31921.15,DEPOSIT,,,,UPLOADED,12:00:00
TID000432,2023-09-18,ACC00152,ACC00087,50780.77,PAYMENT,,,,UPLOADED,12:00:00
TID000433,2023-01-09,ACC00182,ACC00145,30049.08,DEPOSIT,,,,UPLOADED,12:00:00
TID000434,2023-08-02,ACC00085,ACC00173,11049.5,DEPOSIT,,,,UPLOADED,12:00:00
TID000435,2023-11-02,ACC00186,ACC00177,62963.12,PAYMENT,,,,UPLOADED,12:00:00
TID000436,2023-10-24,ACC00068,ACC00168,78312.11,WITHDRAWAL,,,,UPLOADED,12:00:00
TID000437,2023-03-29,ACC00185,ACC00014,58393.98,PAYMENT,,,,UPLOADED,12:00:00
TID000438,2023-10-21,ACC00038,ACC00175,24295.44,TRANSFER,,,,UPLOADED,12:00:00
TID000439,2023-08-03,ACC00049,ACC00005,44159.75,WITHDRAWAL,,,,UPLOADED,12:00:00
TID000440,2023-09-14,ACC00106,ACC00177,20468.78,PAYMENT,,,,UPLOADED,12:00:00
TID000441,2023-03-12,ACC00189,ACC00187,6321.9,WITHDRAWAL,,,,UPLOADED,12:00:00
TID000442,2023-09-02,ACC00144,ACC00084,99812.47,PAYMENT,,,,UPLOADED,12:00:00
TID000443,2023-09-30,ACC00081,ACC00045,46020.39,DEPOSIT,,,,UPLOADED,12:00:00
TID000444,2023-12-15,ACC00140,ACC00091,67619.27,DEPOSIT,,,,UPLOADED,12:00:00
TID000445,2023-05-07,ACC00157,ACC00124,19307.19,DEPOSIT,,,,UPLOADED,12:00:00
TID000446,2023-06-02,ACC00143,ACC00077,22564.22,DEPOSIT,,,,UPLOADED,12:00:00
TID000447,2023-09-08,ACC00181,ACC00054,69054.97,DEPOSIT,,,,UPLOADED,12:00:00
TID000448,2023-05-21,ACC00123,ACC00090,56092.71,DEPOSIT,,,,UPLOADED,12:00:00
TID000449,2023-07-14,ACC00032,ACC00147,67694.56,PAYMENT,,,,UPLOADED,12:00:00
TID000450,2023-05-29,ACC00089,ACC00198,80481.12,TRANSFER,,,,UPLOADED,12:00:00
TID000451,2023-08-15,ACC00074,ACC00183,7995.04,DEPOSIT,,,,UPLOADED,12:00:00
TID000452,2023-10-03,ACC00192,ACC00123,21477.28,DEPOSIT,,,,UPLOADED,12:00:00
TID000453,2023-02-25,ACC00144,ACC00179,27234.98,WITHDRAWAL,,,,UPLOADED,12:00:00
TID000454,2023-09-29,ACC00063,ACC00013,67016.41,WITHDRAWAL,,,,UPLOADED,12:00:00
TID000455,2023-07-31,ACC00164,ACC00060,5343.86,DEPOSIT,,,,UPLOADED,12:00:00
TID000456,2023-03-12,ACC00184,ACC00121,10144.44,TRANSFER,,,,UPLOADED,12:00:00
TID000457,2023-09-01,ACC00141,ACC00041,40750.05,PAYMENT,,,,UPLOADED,12:00:00
TID000458,2023-05-28,ACC00167,ACC00052,75615.51,DEPOSIT,,,,UPLOADED,12:00:00
TID000459,2023-02-15,ACC00074,ACC00166,6010.34,WITHDRAWAL,,,,UPLOADED,12:00:00
TID000460,2023-01-20,ACC00137,ACC00190,72339.46,WITHDRAWAL,,,,UPLOADED,12:00:00
TID000461,2023-01-19,ACC00107,ACC00046,93398.87,PAYMENT,,,,UPLOADED,12:00:00
TID000462,2023-05-29,ACC00127,ACC00048,93667.21,TRANSFER,,,,UPLOADED,12:00:00
TID000463,2023-02-24,ACC00003,ACC00077,56839.39,DEPOSIT,,,,UPLOADED,12:00:00
TID000464,2023-10-06,ACC00073,ACC00117,98911.04,PAYMENT,,,,UPLOADED,12:00:00
TID000465,2023-04-09,ACC00035,ACC00130,46855.27,TRANSFER,,,,UPLOADED,12:00:00
TID000466,2023-11-28,ACC00085,ACC00042,73138.81,DEPOSIT,,,,UPLOADED,12:00:00
TID000467,2023-06-22,ACC00184,ACC00048,1507.01,DEPOSIT,,,,UPLOADED,12:00:00
TID000468,2023-03-31,ACC00146,ACC00173,75752.55,PAYMENT,,,,UPLOADED,12:00:00
TID000469,2023-07-25,ACC00110,ACC00132,32859.87,TRANSFER,,,,UPLOADED,12:00:00
TID000470,2023-05-08,ACC00048,ACC00036,47797.66,TRANSFER,,,,UPLOADED,12:00:00
TID000471,2023-05-17,ACC00067,ACC00099,23628.57,DEPOSIT,,,,UPLOADED,12:00:00
TID000472,2023-01-06,ACC00078,ACC00150,72315.96,DEPOSIT,,,,UPLOADED,12:00:00
TID000473,2023-02-01,ACC00168,ACC00093,69307.58,TRANSFER,,,,UPLOADED,12:00:00
TID000474,2023-12-18,ACC00120,ACC00079,16055.71,DEPOSIT,,,,UPLOADED,12:00:00
TID000475,2023-06-01,ACC00177,ACC00031,63907.26,DEPOSIT,,,,UPLOADED,12:00:00
TID000476,2023-03-10,ACC00158,ACC00057,21990.95,PAYMENT,,,,UPLOADED,12:00:00
TID000477,2023-11-07,ACC00040,ACC00117,74798.71,DEPOSIT,,,,UPLOADED,12:00:00
TID000478,2023-08-30,ACC00107,ACC00180,54968.53,WITHDRAWAL,,,,UPLOADED,12:00:00
TID000479,2023-11-02,ACC00196,ACC00064,68066.16,TRANSFER,,,,UPLOADED,12:00:00
TID000480,2023-07-05,ACC00135,ACC00115,52864.5,TRANSFER,,,,UPLOADED,12:00:00
TID000481,2023-10-08,ACC00145,ACC00029,6269.63,WITHDRAWAL,,,,UPLOADED,12:00:00
TID000482,2023-06-17,ACC00147,ACC00138,15070.25,PAYMENT,,,,UPLOADED,12:00:00
TID000483,2023-10-26,ACC00030,ACC00175,20619.61,PAYMENT,,,,UPLOADED,12:00:00
TID000484,2023-01-29,ACC00024,ACC00131,44603.72,PAYMENT,,,,UPLOADED,12:00:00
TID000485,2023-10-16,ACC00034,ACC00132,41600.91,TRANSFER,,,,UPLOADED,12:00:00
TID000486,2023-06-07,ACC00144,ACC00119,67309.49,TRANSFER,,,,UPLOADED,12:00:00
TID000487,2023-04-22,ACC00102,ACC00066,81663.68,TRANSFER,,,,UPLOADED,12:00:00
TID000488,2023-02-02,ACC00012,ACC00109,34518.43,TRANSFER,,,,UPLOADED,12:00:00
TID000489,2023-07-29,ACC00018,ACC00121,3270.31,WITHDRAWAL,,,,UPLOADED,12:00:00
TID000490,2023-11-27,ACC00197,ACC00035,76606.19,PAYMENT,,,,UPLOADED,12:00:00
TID000491,2023-07-13,ACC00096,ACC00098,44908.86,PAYMENT,,,,UPLOADED,12:00:00
TID000492,2023-10-04,ACC00021,ACC00175,96418.02,WITHDRAWAL,,,,UPLOADED,12:00:00
TID000493,2023-10-03,ACC00168,ACC00090,11951.45,PAYMENT,,,,UPLOADED,12:00:00
TID000494,2023-04-25,ACC00136,ACC00033,72813.03,TRANSFER,,,,UPLOADED,12:00:00
TID000495,2023-08-26,ACC00194,ACC00006,97851.22,PAYMENT,,,,UPLOADED,12:00:00
TID000496,2023-05-07,ACC00137,ACC00098,82353.71,PAYMENT,,,,UPLOADED,12:00:00
TID000497,2023-02-27,ACC00089,ACC00040,27637.41,TRANSFER,,,,UPLOADED,12:00:00
TID000498,2023-01-09,ACC00170,ACC00108,61530.83,WITHDRAWAL,,,,UPLOADED,12:00:00
TID000499,2023-01-18,ACC00053,ACC00018,10179.58,PAYMENT,,,,UPLOADED,12:00:00
TID000500,2023-01-25,ACC00154,ACC00173,70358.3,WITHDRAWAL,,,,UPLOADED,12:00:00
TID000501,2023-04-30,ACC00190,ACC00012,40286.31,WITHDRAWAL,,,,UPLOADED,12:00:00
TID000502,2023-09-15,ACC00194,ACC00199,5738.76,DEPOSIT,,,,UPLOADED,12:00:00
TID000503,2023-10-23,ACC00060,ACC00188,57653.42,DEPOSIT,,,,UPLOADED,12:00:00
TID000504,2023-12-05,ACC00061,ACC00078,87638.21,WITHDRAWAL,,,,UPLOADED,12:00:00
TID000505,2023-10-13,ACC00106,ACC00077,27587.88,WITHDRAWAL,,,,UPLOADED,12:00:00
TID000506,2023-09-11,ACC00161,ACC00174,42777.34,TRANSFER,,,,UPLOADED,12:00:00
TID000507,2023-09-26,ACC00089,ACC00165,67167.12,DEPOSIT,,,,UPLOADED,12:00:00
TID000508,2023-06-03,ACC00179,ACC00107,40885.09,PAYMENT,,,,UPLOADED,12:00:00
TID000509,2023-05-04,ACC00048,ACC00194,53839.03,WITHDRAWAL,,,,UPLOADED,12:00:00
TID000510,2023-08-26,ACC00077,ACC00182,14520.74,TRANSFER,,,,UPLOADED,12:00:00
TID000511,2023-10-13,ACC00144,ACC00106,96781.84,WITHDRAWAL,,,,UPLOADED,12:00:00
TID000512,2023-06-19,ACC00100,ACC00063,25574.06,TRANSFER,,,,UPLOADED,12:00:00
TID000513,2023-04-08,ACC00116,ACC00095,9337.15,TRANSFER,,,,UPLOADED,12:00:00
TID000514,2023-11-05,ACC00069,ACC00097,67399.82,TRANSFER,,,,UPLOADED,12:00:00
TID000515,2023-10-28,ACC00019,ACC00049,80484.6,WITHDRAWAL,,,,UPLOADED,12:00:00
TID000516,2023-06-20,ACC00123,ACC00054,86960.44,DEPOSIT,,,,UPLOADED,12:00:00
TID000517,2023-03-02,ACC00004,ACC00055,93722.26,PAYMENT,,,,UPLOADED,12:00:00
TID000518,2023-04-15,ACC00063,ACC00179,60479.71,PAYMENT,,,,UPLOADED,12:00:00
TID000519,2023-05-25,ACC00062,ACC00142,32229.34,PAYMENT,,,,UPLOADED,12:00:00
TID000520,2023-06-07,ACC00120,ACC00137,64907.26,DEPOSIT,,,,UPLOADED,12:00:00
TID000521,2023-08-27,ACC00093,ACC00132,88292.91,TRANSFER,,,,UPLOADED,12:00:00
TID000522,2023-06-13,ACC00185,ACC00121,76186.73,WITHDRAWAL,,,,UPLOADED,12:00:00
TID000523,2023-10-16,ACC00095,ACC00081,41451.62,WITHDRAWAL,,,,UPLOADED,12:00:00
TID000524,2023-10-11,ACC00190,ACC00038,1720.37,PAYMENT,,,,UPLOADED,12:00:00
TID000525,2023-04-28,ACC00076,ACC00040,19699.56,PAYMENT,,,,UPLOADED,12:00:00
TID000526,2023-12-02,ACC00146,ACC00063,49980.22,DEPOSIT,,,,UPLOADED,12:00:00
TID000527,2023-11-25,ACC00066,ACC00196,82177.03,PAYMENT,,,,UPLOADED,12:00:00
TID000528,2023-06-30,ACC00118,ACC00044,73303.95,WITHDRAWAL,,,,UPLOADED,12:00:00
TID000529,2023-04-05,ACC00036,ACC00185,54699.98,TRANSFER,,,,UPLOADED,12:00:00
TID000530,2023-02-08,ACC00135,ACC00009,83922.94,TRANSFER,,,,UPLOADED,12:00:00
TID000531,2023-11-19,ACC00196,ACC00002,41297.98,WITHDRAWAL,,,,UPLOADED,12:00:00
TID000532,2023-04-22,ACC00018,ACC00182,15187.86,PAYMENT,,,,UPLOADED,12:00:00
TID000533,2023-12-08,ACC00096,ACC00016,61821.74,PAYMENT,,,,UPLOADED,12:00:00
TID000534,2023-09-30,ACC00169,ACC00125,1671.6,PAYMENT,,,,UPLOADED,12:00:00
TID000535,2023-05-21,ACC00004,ACC00005,52988.82,DEPOSIT,,,,UPLOADED,12:00:00
TID000536,2023-12-12,ACC00005,ACC00129,81334.41,PAYMENT,,,,UPLOADED,12:00:00
TID000537,2023-09-26,ACC00046,ACC00028,91813.08,WITHDRAWAL,,,,UPLOADED,12:00:00
TID000538,2023-05-10,ACC00062,ACC00050,62016.11,DEPOSIT,,,,UPLOADED,12:00:00
TID000539,2023-07-27,ACC00069,ACC00102,7994.02,PAYMENT,,,,UPLOADED,12:00:00
TID000540,2023-04-26,ACC00145,ACC00063,99024.28,DEPOSIT,,,,UPLOADED,12:00:00
TID000541,2023-11-29,ACC00176,ACC00021,65408.2,TRANSFER,,,,UPLOADED,12:00:00
TID000542,2023-10-10,ACC00024,ACC00104,37988.48,PAYMENT,,,,UPLOADED,12:00:00
TID000543,2023-03-29,ACC00015,ACC00164,1044.07,TRANSFER,,,,UPLOADED,12:00:00
TID000544,2023-06-19,ACC00128,ACC00112,64526.23,TRANSFER,,,,UPLOADED,12:00:00
TID000545,2023-12-21,ACC00136,ACC00011,23053.67,PAYMENT,,,,UPLOADED,12:00:00
TID000546,2023-12-17,ACC00070,ACC00012,92423.51,DEPOSIT,,,,UPLOADED,12:00:00
TID000547,2023-04-02,ACC00140,ACC00145,65845.11,DEPOSIT,,,,UPLOADED,12:00:00
TID000548,2023-12-31,ACC00005,ACC00054,58744.91,PAYMENT,,,,UPLOADED,12:00:00
TID000549,2023-05-04,ACC00020,ACC00077,16328.78,PAYMENT,,,,UPLOADED,12:00:00
TID000550,2023-03-13,ACC00174,ACC00139,33239.81,TRANSFER,,,,UPLOADED,12:00:00
TID000551,2023-01-28,ACC00129,ACC00191,97434.9,TRANSFER,,,,UPLOADED,12:00:00
TID000552,2023-06-24,ACC00112,ACC00060,83883.6,PAYMENT,,,,UPLOADED,12:00:00
TID000553,2023-05-20,ACC00199,ACC00084,3059.6,PAYMENT,,,,UPLOADED,12:00:00
TID000554,2023-07-12,ACC00126,ACC00059,35645.54,PAYMENT,,,,UPLOADED,12:00:00
TID000555,2023-07-14,ACC00048,ACC00175,58628.92,TRANSFER,,,,UPLOADED,12:00:00
TID000556,2023-05-07,ACC00198,ACC00159,29608.41,TRANSFER,,,,UPLOADED,12:00:00
TID000557,2023-12-31,ACC00022,ACC00069,15506.67,WITHDRAWAL,,,,UPLOADED,12:00:00
TID000558,2023-02-24,ACC00190,ACC00100,31736.16,TRANSFER,,,,UPLOADED,12:00:00
TID000559,2023-05-19,ACC00002,ACC00079,44529.11,TRANSFER,,,,UPLOADED,12:00:00
TID000560,2023-08-18,ACC00034,ACC00023,18820.44,PAYMENT,,,,UPLOADED,12:00:00
TID000561,2023-10-11,ACC00027,ACC00007,9052.92,TRANSFER,,,,UPLOADED,12:00:00
TID000562,2023-07-17,ACC00153,ACC00154,78465.43,TRANSFER,,,,UPLOADED,12:00:00
TID000563,2023-02-13,ACC00075,ACC00106,38841.18,WITHDRAWAL,,,,UPLOADED,12:00:00
TID000564,2023-07-14,ACC00147,ACC00134,17041.33,WITHDRAWAL,,,,UPLOADED,12:00:00
TID000565,2023-09-10,ACC00036,ACC00069,30183.01,WITHDRAWAL,,,,UPLOADED,12:00:00
TID000566,2023-08-04,ACC00017,ACC00043,43524.16,DEPOSIT,,,,UPLOADED,12:00:00
TID000567,2023-05-07,ACC00124,ACC00020,36176.38,PAYMENT,,,,UPLOADED,12:00:00
TID000568,2023-02-24,ACC00153,ACC00158,19635.27,WITHDRAWAL,,,,UPLOADED,12:00:00
TID000569,2023-06-20,ACC00078,ACC00002,94887.46,PAYMENT,,,,UPLOADED,12:00:00
TID000570,2023-11-30,ACC00085,ACC00113,33540.15,WITHDRAWAL,,,,UPLOADED,12:00:00
TID000571,2023-12-22,ACC00077,ACC00083,60360.81,WITHDRAWAL,,,,UPLOADED,12:00:00
TID000572,2023-07-23,ACC00123,ACC00081,17845.96,DEPOSIT,,,,UPLOADED,12:00:00
TID000573,2023-09-09,ACC00075,ACC00189,69526.28,WITHDRAWAL,,,,UPLOADED,12:00:00
TID000574,2023-07-21,ACC00084,ACC00097,28101.98,DEPOSIT,,,,UPLOADED,12:00:00
TID000575,2023-10-07,ACC00030,ACC00145,20060.02,WITHDRAWAL,,,,UPLOADED,12:00:00
TID000576,2023-08-25,ACC00175,ACC00197,55054.91,WITHDRAWAL,,,,UPLOADED,12:00:00
TID000577,2023-02-05,ACC00113,ACC00075,83145.05,PAYMENT,,,,UPLOADED,12:00:00
TID000578,2023-06-05,ACC00173,ACC00128,14003.99,WITHDRAWAL,,,,UPLOADED,12:00:00
TID000579,2023-08-05,ACC00065,ACC00169,15498.91,PAYMENT,,,,UPLOADED,12:00:00
TID000580,2023-09-03,ACC00019,ACC00115,99070.99,PAYMENT,,,,UPLOADED,12:00:00
TID000581,2023-12-21,ACC00137,ACC00130,92357.23,PAYMENT,,,,UPLOADED,12:00:00
TID000582,2023-07-04,ACC00140,ACC00010,79093.02,TRANSFER,,,,UPLOADED,12:00:00
TID000583,2023-12-07,ACC00028,ACC00197,24898.27,DEPOSIT,,,,UPLOADED,12:00:00
TID000584,2023-10-16,ACC00043,ACC00166,61306.52,PAYMENT,,,,UPLOADED,12:00:00
TID000585,2023-08-09,ACC00193,ACC00085,96575.11,TRANSFER,,,,UPLOADED,12:00:00
TID000586,2023-09-19,ACC00003,ACC00026,25947.96,WITHDRAWAL,,,,UPLOADED,12:00:00
TID000587,2023-12-14,ACC00115,ACC00096,39174.3,WITHDRAWAL,,,,UPLOADED,12:00:00
TID000588,2023-06-01,ACC00089,ACC00007,48328.83,PAYMENT,,,,UPLOADED,12:00:00
TID000589,2023-03-14,ACC00022,ACC00030,83148.64,DEPOSIT,,,,UPLOADED,12:00:00
TID000590,2023-04-16,ACC00080,ACC00088,45587.73,PAYMENT,,,,UPLOADED,12:00:00
TID000591,2023-12-23,ACC00090,ACC00122,9852.54,PAYMENT,,,,UPLOADED,12:00:00
TID000592,2023-12-30,ACC00082,ACC00018,30096.38,TRANSFER,,,,UPLOADED,12:00:00
TID000593,2023-12-13,ACC00006,ACC00088,64832.19,WITHDRAWAL,,,,UPLOADED,12:00:00
TID000594,2023-10-10,ACC00190,ACC00063,51647.79,WITHDRAWAL,,,,UPLOADED,12:00:00
TID000595,2023-08-25,ACC00085,ACC00144,42694.3,WITHDRAWAL,,,,UPLOADED,12:00:00
TID000596,2023-11-24,ACC00104,ACC00162,18526.73,PAYMENT,,,,UPLOADED,12:00:00
TID000597,2023-04-12,ACC00102,ACC00008,73765.1,PAYMENT,,,,UPLOADED,12:00:00
TID000598,2023-12-27,ACC00152,ACC00110,38944.69,WITHDRAWAL,,,,UPLOADED,12:00:00
TID000599,2023-02-02,ACC00053,ACC00072,75257.32,TRANSFER,,,,UPLOADED,12:00:00
TID000600,2023-04-11,ACC00138,ACC00048,36642.72,PAYMENT,,,,UPLOADED,12:00:00
TID000601,2023-09-08,ACC00030,ACC00068,67103.07,DEPOSIT,,,,UPLOADED,12:00:00
TID000602,2023-10-28,ACC00153,ACC00100,61169.71,TRANSFER,,,,UPLOADED,12:00:00
TID000603,2023-11-13,ACC00090,ACC00091,84567.23,WITHDRAWAL,,,,UPLOADED,12:00:00
TID000604,2023-11-11,ACC00173,ACC00181,80081.28,TRANSFER,,,,UPLOADED,12:00:00
TID000605,2023-05-03,ACC00173,ACC00035,31387.26,DEPOSIT,,,,UPLOADED,12:00:00
TID000606,2023-03-14,ACC00030,ACC00047,37393.28,PAYMENT,,,,UPLOADED,12:00:00
TID000607,2023-07-16,ACC00108,ACC00153,13872.94,PAYMENT,,,,UPLOADED,12:00:00
TID000608,2023-12-22,ACC00048,ACC00125,63586.61,WITHDRAWAL,,,,UPLOADED,12:00:00
TID000609,2023-03-13,ACC00143,ACC00043,49015.24,WITHDRAWAL,,,,UPLOADED,12:00:00
TID000610,2023-07-03,ACC00081,ACC00116,61979.06,TRANSFER,,,,UPLOADED,12:00:00
TID000611,2023-07-16,ACC00125,ACC00035,19593.34,PAYMENT,,,,UPLOADED,12:00:00
TID000612,2023-12-30,ACC00105,ACC00176,49223.42,PAYMENT,,,,UPLOADED,12:00:00
TID000613,2023-01-16,ACC00126,ACC00043,8358.8,WITHDRAWAL,,,,UPLOADED,12:00:00
TID000614,2023-10-03,ACC00075,ACC00009,27557.81,DEPOSIT,,,,UPLOADED,12:00:00
TID000615,2023-09-11,ACC00044,ACC00200,45786.41,TRANSFER,,,,UPLOADED,12:00:00
TID000616,2023-10-06,ACC00147,ACC00030,26862.1,DEPOSIT,,,,UPLOADED,12:00:00
TID000617,2023-08-14,ACC00139,ACC00194,4256.89,WITHDRAWAL,,,,UPLOADED,12:00:00
TID000618,2023-12-01,ACC00109,ACC00027,73625.27,WITHDRAWAL,,,,UPLOADED,12:00:00
TID000619,2023-06-28,ACC00077,ACC00009,45028.26,TRANSFER,,,,UPLOADED,12:00:00
TID000620,2023-05-02,ACC00113,ACC00031,77585.6,WITHDRAWAL,,,,UPLOADED,12:00:00
TID000621,2023-12-30,ACC00189,ACC00151,68944.45,PAYMENT,,,,UPLOADED,12:00:00
TID000622,2023-04-16,ACC00043,ACC00158,14009.57,WITHDRAWAL,,,,UPLOADED,12:00:00
TID000623,2023-05-24,ACC00016,ACC00146,35146.47,WITHDRAWAL,,,,UPLOADED,12:00:00
TID000624,2023-10-21,ACC00083,ACC00181,29334.21,DEPOSIT,,,,UPLOADED,12:00:00
TID000625,2023-03-11,ACC00132,ACC00174,81536.57,PAYMENT,,,,UPLOADED,12:00:00
TID000626,2023-03-06,ACC00016,ACC00071,86718.05,WITHDRAWAL,,,,UPLOADED,12:00:00
TID000627,2023-05-07,ACC00064,ACC00038,71168.35,PAYMENT,,,,UPLOADED,12:00:00
TID000628,2023-05-18,ACC00126,ACC00037,57784.81,PAYMENT,,,,UPLOADED,12:00:00
TID000629,2023-02-17,ACC00097,ACC00116,7644.08,PAYMENT,,,,UPLOADED,12:00:00
TID000630,2023-07-08,ACC00132,ACC00192,27894.75,PAYMENT,,,,UPLOADED,12:00:00
TID000631,2023-02-17,ACC00125,ACC00084,58237.36,PAYMENT,,,,UPLOADED,12:00:00
TID000632,2023-02-02,ACC00163,ACC00171,69759.17,PAYMENT,,,,UPLOADED,12:00:00
TID000633,2023-09-11,ACC00056,ACC00110,82502.28,DEPOSIT,,,,UPLOADED,12:00:00
TID000634,2023-10-23,ACC00083,ACC00073,33841.74,WITHDRAWAL,,,,UPLOADED,12:00:00
TID000635,2023-12-16,ACC00145,ACC00125,78851.53,TRANSFER,,,,UPLOADED,12:00:00
TID000636,2023-08-24,ACC00012,ACC00026,62655.33,TRANSFER,,,,UPLOADED,12:00:00
TID000637,2023-01-01,ACC00032,ACC00041,44184.47,PAYMENT,,,,UPLOADED,12:00:00
TID000638,2023-11-29,ACC00052,ACC00177,90949.78,DEPOSIT,,,,UPLOADED,12:00:00
TID000639,2023-07-04,ACC00041,ACC00071,9424.66,DEPOSIT,,,,UPLOADED,12:00:00
TID000640,2023-11-29,ACC00022,ACC00096,66484.43,WITHDRAWAL,,,,UPLOADED,12:00:00
TID000641,2023-12-25,ACC00014,ACC00102,62597.87,WITHDRAWAL,,,,UPLOADED,12:00:00
TID000642,2023-02-18,ACC00110,ACC00168,9210.8,TRANSFER,,,,UPLOADED,12:00:00
TID000643,2023-10-31,ACC00055,ACC00123,7886.08,WITHDRAWAL,,,,UPLOADED,12:00:00
TID000644,2023-01-05,ACC00133,ACC00175,44562.18,DEPOSIT,,,,UPLOADED,12:00:00
TID000645,2023-09-02,ACC00031,ACC00109,69433.7,TRANSFER,,,,UPLOADED,12:00:00
TID000646,2023-02-22,ACC00059,ACC00099,9024.17,TRANSFER,,,,UPLOADED,12:00:00
TID000647,2023-03-12,ACC00081,ACC00095,88110.8,PAYMENT,,,,UPLOADED,12:00:00
TID000648,2023-11-25,ACC00199,ACC00193,87462.28,WITHDRAWAL,,,,UPLOADED,12:00:00
TID000649,2023-11-09,ACC00018,ACC00136,56372.79,WITHDRAWAL,,,,UPLOADED,12:00:00
TID000650,2023-11-18,ACC00113,ACC00090,72270.96,WITHDRAWAL,,,,UPLOADED,12:00:00
TID000651,2023-04-22,ACC00106,ACC00158,68687.96,TRANSFER,,,,UPLOADED,12:00:00
TID000652,2023-10-29,ACC00026,ACC00036,75269.32,PAYMENT,,,,UPLOADED,12:00:00
TID000653,2023-03-13,ACC00090,ACC00110,31518.92,WITHDRAWAL,,,,UPLOADED,12:00:00
TID000654,2023-10-11,ACC00071,ACC00166,8516.45,DEPOSIT,,,,UPLOADED,12:00:00
TID000655,2023-12-04,ACC00200,ACC00177,2779.76,DEPOSIT,,,,UPLOADED,12:00:00
TID000656,2023-04-07,ACC00053,ACC00133,60731.99,PAYMENT,,,,UPLOADED,12:00:00
TID000657,2023-05-03,ACC00076,ACC00166,5551.46,PAYMENT,,,,UPLOADED,12:00:00
TID000658,2023-11-23,ACC00099,ACC00029,24184.07,TRANSFER,,,,UPLOADED,12:00:00
TID000659,2023-06-12,ACC00136,ACC00004,98689.57,WITHDRAWAL,,,,UPLOADED,12:00:00
TID000660,2023-10-07,ACC00100,ACC00146,42144.27,WITHDRAWAL,,,,UPLOADED,12:00:00
TID000661,2023-02-07,ACC00196,ACC00121,95449.85,TRANSFER,,,,UPLOADED,12:00:00
TID000662,2023-04-21,ACC00151,ACC00018,1477.96,TRANSFER,,,,UPLOADED,12:00:00
TID000663,2023-11-18,ACC00016,ACC00102,50710.4,PAYMENT,,,,UPLOADED,12:00:00
TID000664,2023-11-24,ACC00109,ACC00180,40287.51,WITHDRAWAL,,,,UPLOADED,12:00:00
TID000665,2023-09-19,ACC00072,ACC00022,31059.7,WITHDRAWAL,,,,UPLOADED,12:00:00
TID000666,2023-10-28,ACC00040,ACC00138,32742.35,TRANSFER,,,,UPLOADED,12:00:00
TID000667,2023-05-03,ACC00080,ACC00179,43804.86,TRANSFER,,,,UPLOADED,12:00:00
TID000668,2023-03-01,ACC00063,ACC00023,92470.31,PAYMENT,,,,UPLOADED,12:00:00
TID000669,2023-12-08,ACC00157,ACC00156,5597.36,WITHDRAWAL,,,,UPLOADED,12:00:00
TID000670,2023-12-26,ACC00031,ACC00004,70819.27,TRANSFER,,,,UPLOADED,12:00:00
TID000671,2023-09-25,ACC00042,ACC00128,95306.32,DEPOSIT,,,,UPLOADED,12:00:00
TID000672,2023-05-18,ACC00043,ACC00096,12780.37,TRANSFER,,,,UPLOADED,12:00:00
TID000673,2023-08-08,ACC00198,ACC00008,33567.6,DEPOSIT,,,,UPLOADED,12:00:00
TID000674,2023-10-23,ACC00135,ACC00017,26368.67,TRANSFER,,,,UPLOADED,12:00:00
TID000675,2023-01-29,ACC00128,ACC00117,51127.11,PAYMENT,,,,UPLOADED,12:00:00
TID000676,2023-05-11,ACC00146,ACC00043,36832.01,TRANSFER,,,,UPLOADED,12:00:00
TID000677,2023-04-27,ACC00147,ACC00173,72305.56,TRANSFER,,,,UPLOADED,12:00:00
TID000678,2023-08-30,ACC00012,ACC00004,24530.69,DEPOSIT,,,,UPLOADED,12:00:00
TID000679,2023-01-19,ACC00099,ACC00039,17978.2,PAYMENT,,,,UPLOADED,12:00:00
TID000680,2023-06-13,ACC00058,ACC00083,24901.49,DEPOSIT,,,,UPLOADED,12:00:00
TID000681,2023-09-15,ACC00020,ACC00147,37343.54,TRANSFER,,,,UPLOADED,12:00:00
TID000682,2023-01-24,ACC00046,ACC00058,80453.37,PAYMENT,,,,UPLOADED,12:00:00
TID000683,2023-06-09,ACC00018,ACC00120,86616.62,DEPOSIT,,,,UPLOADED,12:00:00
TID000684,2023-07-08,ACC00023,ACC00142,45728.94,WITHDRAWAL,,,,UPLOADED,12:00:00
TID000685,2023-11-15,ACC00075,ACC00145,78472.27,WITHDRAWAL,,,,UPLOADED,12:00:00
TID000686,2023-09-10,ACC00119,ACC00095,59209.92,WITHDRAWAL,,,,UPLOADED,12:00:00
TID000687,2023-05-06,ACC00188,ACC00140,76072.17,WITHDRAWAL,,,,UPLOADED,12:00:00
TID000688,2023-10-05,ACC00002,ACC00105,2488.63,DEPOSIT,,,,UPLOADED,12:00:00
TID000689,2023-06-21,ACC00163,ACC00178,87732.14,TRANSFER,,,,UPLOADED,12:00:00
TID000690,2023-06-07,ACC00195,ACC00169,37689.86,TRANSFER,,,,UPLOADED,12:00:00
TID000691,2023-08-03,ACC00053,ACC00136,98313.26,PAYMENT,,,,UPLOADED,12:00:00
TID000692,2023-02-17,ACC00016,ACC00037,71194.08,TRANSFER,,,,UPLOADED,12:00:00
TID000693,2023-07-10,ACC00060,ACC00134,41364.37,PAYMENT,,,,UPLOADED,12:00:00
TID000694,2023-09-16,ACC00192,ACC00022,58118.99,WITHDRAWAL,,,,UPLOADED,12:00:00
TID000695,2023-10-18,ACC00164,ACC00101,7575.57,TRANSFER,,,,UPLOADED,12:00:00
TID000696,2023-05-02,ACC00112,ACC00170,96425.41,DEPOSIT,,,,UPLOADED,12:00:00
TID000697,2023-07-21,ACC00067,ACC00081,92611.59,DEPOSIT,,,,UPLOADED,12:00:00
TID000698,2023-02-08,ACC00082,ACC00116,27268.39,WITHDRAWAL,,,,UPLOADED,12:00:00
TID000699,2023-02-25,ACC00035,ACC00200,77037.65,WITHDRAWAL,,,,UPLOADED,12:00:00
TID000700,2023-06-10,ACC00028,ACC00043,45011.72,PAYMENT,,,,UPLOADED,12:00:00
TID000701,2023-04-17,ACC00031,ACC00138,35892.92,PAYMENT,,,,UPLOADED,12:00:00
TID000702,2023-03-03,ACC00079,ACC00119,26574.29,TRANSFER,,,,UPLOADED,12:00:00
TID000703,2023-12-27,ACC00041,ACC00176,30491.08,TRANSFER,,,,UPLOADED,12:00:00
TID000704,2023-12-31,ACC00056,ACC00084,14917.55,WITHDRAWAL,,,,UPLOADED,12:00:00
TID000705,2023-12-13,ACC00092,ACC00102,51394.62,DEPOSIT,,,,UPLOADED,12:00:00
TID000706,2023-07-27,ACC00067,ACC00045,3205.1,PAYMENT,,,,UPLOADED,12:00:00
TID000707,2023-02-18,ACC00143,ACC00192,55057.08,PAYMENT,,,,UPLOADED,12:00:00
TID000708,2023-02-01,ACC00027,ACC00036,12233.18,WITHDRAWAL,,,,UPLOADED,12:00:00
TID000709,2023-07-10,ACC00034,ACC00051,82384.97,TRANSFER,,,,UPLOADED,12:00:00
TID000710,2023-02-08,ACC00150,ACC00151,25956.18,TRANSFER,,,,UPLOADED,12:00:00
TID000711,2023-08-16,ACC00017,ACC00051,90259.36,WITHDRAWAL,,,,UPLOADED,12:00:00
TID000712,2023-08-25,ACC00024,ACC00085,12340.51,TRANSFER,,,,UPLOADED,12:00:00
TID000713,2023-07-22,ACC00044,ACC00147,43372.32,PAYMENT,,,,UPLOADED,12:00:00
TID000714,2023-03-30,ACC00008,ACC00098,68352.97,DEPOSIT,,,,UPLOADED,12:00:00
TID000715,2023-08-17,ACC00055,ACC00048,27570.68,WITHDRAWAL,,,,UPLOADED,12:00:00
TID000716,2023-05-06,ACC00009,ACC00158,61955.74,DEPOSIT,,,,UPLOADED,12:00:00
TID000717,2023-09-03,ACC00128,ACC00106,88289.58,TRANSFER,,,,UPLOADED,12:00:00
TID000718,2023-08-03,ACC00023,ACC00072,38363.23,WITHDRAWAL,,,,UPLOADED,12:00:00
TID000719,2023-10-06,ACC00165,ACC00135,24989.86,TRANSFER,,,,UPLOADED,12:00:00
TID000720,2023-10-06,ACC00098,ACC00183,35975.3,PAYMENT,,,,UPLOADED,12:00:00
TID000721,2023-07-18,ACC00089,ACC00145,50289.09,DEPOSIT,,,,UPLOADED,12:00:00
TID000722,2023-04-23,ACC00047,ACC00007,31955.87,TRANSFER,,,,UPLOADED,12:00:00
TID000723,2023-08-30,ACC00200,ACC00072,5953.26,DEPOSIT,,,,UPLOADED,12:00:00
TID000724,2023-03-23,ACC00197,ACC00150,99960.61,TRANSFER,,,,UPLOADED,12:00:00
TID000725,2023-10-01,ACC00064,ACC00169,24191.16,TRANSFER,,,,UPLOADED,12:00:00
TID000726,2023-07-18,ACC00196,ACC00057,57611.64,DEPOSIT,,,,UPLOADED,12:00:00
TID000727,2023-06-12,ACC00045,ACC00046,23731.46,DEPOSIT,,,,UPLOADED,12:00:00
TID000728,2023-06-30,ACC00152,ACC00008,70374.94,WITHDRAWAL,,,,UPLOADED,12:00:00
TID000729,2023-09-10,ACC00145,ACC00049,83686.01,DEPOSIT,,,,UPLOADED,12:00:00
TID000730,2023-01-29,ACC00045,ACC00126,3892.58,WITHDRAWAL,,,,UPLOADED,12:00:00
TID000731,2023-09-02,ACC00155,ACC00057,2090.81,TRANSFER,,,,UPLOADED,12:00:00
TID000732,2023-03-08,ACC00085,ACC00158,20226.29,DEPOSIT,,,,UPLOADED,12:00:00
TID000733,2023-06-15,ACC00184,ACC00046,91886.2,TRANSFER,,,,UPLOADED,12:00:00
TID000734,2023-03-14,ACC00006,ACC00038,58702.26,TRANSFER,,,,UPLOADED,12:00:00
TID000735,2023-07-11,ACC00135,ACC00094,96059.82,PAYMENT,,,,UPLOADED,12:00:00
TID000736,2023-06-15,ACC00151,ACC00026,33722.45,WITHDRAWAL,,,,UPLOADED,12:00:00
TID000737,2023-11-24,ACC00041,ACC00188,94874.48,PAYMENT,,,,UPLOADED,12:00:00
TID000738,2023-10-15,ACC00167,ACC00082,17502.85,DEPOSIT,,,,UPLOADED,12:00:00
TID000739,2023-03-31,ACC00058,ACC00171,58936.12,PAYMENT,,,,UPLOADED,12:00:00
TID000740,2023-03-07,ACC00079,ACC00188,68880.99,WITHDRAWAL,,,,UPLOADED,12:00:00
TID000741,2023-10-21,ACC00187,ACC00001,94883.93,PAYMENT,,,,UPLOADED,12:00:00
TID000742,2023-11-05,ACC00198,ACC00146,3335.04,DEPOSIT,,,,UPLOADED,12:00:00
TID000743,2023-02-23,ACC00157,ACC00057,64000.71,PAYMENT,,,,UPLOADED,12:00:00
TID000744,2023-05-02,ACC00037,ACC00085,74559.8,DEPOSIT,,,,UPLOADED,12:00:00
TID000745,2023-02-15,ACC00082,ACC00043,63655.06,DEPOSIT,,,,UPLOADED,12:00:00
TID000746,2023-05-08,ACC00115,ACC00003,26594.72,TRANSFER,,,,UPLOADED,12:00:00
TID000747,2023-01-01,ACC00090,ACC00066,78723.3,TRANSFER,,,,UPLOADED,12:00:00
TID000748,2023-03-27,ACC00099,ACC00113,73285.19,PAYMENT,,,,UPLOADED,12:00:00
TID000749,2023-07-12,ACC00127,ACC00097,35187.99,TRANSFER,,,,UPLOADED,12:00:00
TID000750,2023-12-18,ACC00123,ACC00148,65131.86,WITHDRAWAL,,,,UPLOADED,12:00:00
TID000751,2023-01-18,ACC00042,ACC00116,7463.57,DEPOSIT,,,,UPLOADED,12:00:00
TID000752,2023-02-23,ACC00006,ACC00082,26186.66,TRANSFER,,,,UPLOADED,12:00:00
TID000753,2023-03-24,ACC00088,ACC00044,88804.33,TRANSFER,,,,UPLOADED,12:00:00
TID000754,2023-11-11,ACC00141,ACC00024,33861.26,PAYMENT,,,,UPLOADED,12:00:00
TID000755,2023-12-01,ACC00181,ACC00008,43189.2,WITHDRAWAL,,,,UPLOADED,12:00:00
TID000756,2023-02-21,ACC00156,ACC00112,15794.67,DEPOSIT,,,,UPLOADED,12:00:00
TID000757,2023-10-11,ACC00053,ACC00049,40987.06,DEPOSIT,,,,UPLOADED,12:00:00
TID000758,2023-02-19,ACC00170,ACC00073,29810.32,TRANSFER,,,,UPLOADED,12:00:00
TID000759,2023-09-09,ACC00101,ACC00147,55011.3,WITHDRAWAL,,,,UPLOADED,12:00:00
TID000760,2023-02-14,ACC00014,ACC00093,481.18,DEPOSIT,,,,UPLOADED,12:00:00
TID000761,2023-04-13,ACC00170,ACC00161,60061.53,TRANSFER,,,,UPLOADED,12:00:00
TID000762,2023-05-30,ACC00007,ACC00053,17166.14,TRANSFER,,,,UPLOADED,12:00:00
TID000763,2023-07-23,ACC00122,ACC00030,30904.5,PAYMENT,,,,UPLOADED,12:00:00
TID000764,2023-11-25,ACC00126,ACC00170,26573.94,PAYMENT,,,,UPLOADED,12:00:00
TID000765,2023-07-09,ACC00048,ACC00095,88560.72,WITHDRAWAL,,,,UPLOADED,12:00:00
TID000766,2023-08-27,ACC00115,ACC00012,26403.27,DEPOSIT,,,,UPLOADED,12:00:00
TID000767,2023-03-19,ACC00058,ACC00069,56468.23,TRANSFER,,,,UPLOADED,12:00:00
TID000768,2023-10-05,ACC00022,ACC00172,34444.76,PAYMENT,,,,UPLOADED,12:00:00
TID000769,2023-02-01,ACC00194,ACC00151,22828.52,PAYMENT,,,,UPLOADED,12:00:00
TID000770,2023-12-18,ACC00134,ACC00108,96566.21,PAYMENT,,,,UPLOADED,12:00:00
TID000771,2023-02-10,ACC00147,ACC00061,47678.6,PAYMENT,,,,UPLOADED,12:00:00
TID000772,2023-09-22,ACC00183,ACC00009,50259.94,WITHDRAWAL,,,,UPLOADED,12:00:00
TID000773,2023-03-27,ACC00031,ACC00194,44959.07,WITHDRAWAL,,,,UPLOADED,12:00:00
TID000774,2023-02-10,ACC00050,ACC00033,4363.32,PAYMENT,,,,UPLOADED,12:00:00
TID000775,2023-11-01,ACC00052,ACC00161,14873.04,DEPOSIT,,,,UPLOADED,12:00:00
TID000776,2023-02-04,ACC00082,ACC00187,91425.98,TRANSFER,,,,UPLOADED,12:00:00
TID000777,2023-06-16,ACC00100,ACC00143,39795.76,DEPOSIT,,,,UPLOADED,12:00:00
TID000778,2023-01-07,ACC00134,ACC00118,91724.47,PAYMENT,,,,UPLOADED,12:00:00
TID000779,2023-10-18,ACC00029,ACC00107,15049.27,TRANSFER,,,,UPLOADED,12:00:00
TID000780,2023-05-27,ACC00028,ACC00145,77976.52,DEPOSIT,,,,UPLOADED,12:00:00
TID000781,2023-09-06,ACC00106,ACC00068,38366.04,PAYMENT,,,,UPLOADED,12:00:00
TID000782,2023-03-15,ACC00010,ACC00045,27613.87,PAYMENT,,,,UPLOADED,12:00:00
TID000783,2023-06-19,ACC00010,ACC00102,88968.46,WITHDRAWAL,,,,UPLOADED,12:00:00
TID000784,2023-05-18,ACC00013,ACC00191,47574.3,DEPOSIT,,,,UPLOADED,12:00:00
TID000785,2023-06-05,ACC00006,ACC00087,81756.85,DEPOSIT,,,,UPLOADED,12:00:00
TID000786,2023-12-17,ACC00072,ACC00126,85837.65,TRANSFER,,,,UPLOADED,12:00:00
TID000787,2023-08-15,ACC00059,ACC00035,30118.0,DEPOSIT,,,,UPLOADED,12:00:00
TID000788,2023-11-27,ACC00069,ACC00187,41735.6,TRANSFER,,,,UPLOADED,12:00:00
TID000789,2023-07-28,ACC00049,ACC00114,21217.91,PAYMENT,,,,UPLOADED,12:00:00
TID000790,2023-01-29,ACC00195,ACC00133,86732.18,WITHDRAWAL,,,,UPLOADED,12:00:00
TID000791,2023-07-26,ACC00017,ACC00080,70985.98,WITHDRAWAL,,,,UPLOADED,12:00:00
TID000792,2023-01-15,ACC00200,ACC00135,87945.33,WITHDRAWAL,,,,UPLOADED,12:00:00
TID000793,2023-05-08,ACC00050,ACC00052,83713.97,TRANSFER,,,,UPLOADED,12:00:00
TID000794,2023-12-27,ACC00117,ACC00013,91811.3,WITHDRAWAL,,,,UPLOADED,12:00:00
TID000795,2023-09-16,ACC00071,ACC00095,82368.28,PAYMENT,,,,UPLOADED,12:00:00
TID000796,2023-05-04,ACC00163,ACC00032,68149.32,DEPOSIT,,,,UPLOADED,12:00:00
TID000797,2023-08-31,ACC00126,ACC00153,44665.73,DEPOSIT,,,,UPLOADED,12:00:00
TID000798,2023-05-13,ACC00089,ACC00042,83781.61,TRANSFER,,,,UPLOADED,12:00:00
TID000799,2023-03-25,ACC00073,ACC00008,38717.91,WITHDRAWAL,,,,UPLOADED,12:00:00
TID000800,2023-04-16,ACC00057,ACC00166,22588.69,DEPOSIT,,,,UPLOADED,12:00:00
TID000801,2023-12-16,ACC00167,ACC00105,51376.8,TRANSFER,,,,UPLOADED,12:00:00
TID000802,2023-11-04,ACC00122,ACC00034,64772.42,TRANSFER,,,,UPLOADED,12:00:00
TID000803,2023-06-06,ACC00058,ACC00065,60873.55,DEPOSIT,,,,UPLOADED,12:00:00
TID000804,2023-08-24,ACC00109,ACC00097,85173.46,DEPOSIT,,,,UPLOADED,12:00:00
TID000805,2023-09-24,ACC00056,ACC00120,30284.29,PAYMENT,,,,UPLOADED,12:00:00
TID000806,2023-12-06,ACC00150,ACC00027,834.02,DEPOSIT,,,,UPLOADED,12:00:00
TID000807,2023-05-25,ACC00144,ACC00166,59417.88,DEPOSIT,,,,UPLOADED,12:00:00
TID000808,2023-06-22,ACC00176,ACC00028,48225.67,DEPOSIT,,,,UPLOADED,12:00:00
TID000809,2023-05-14,ACC00164,ACC00084,86163.01,DEPOSIT,,,,UPLOADED,12:00:00
TID000810,2023-05-04,ACC00049,ACC00039,51777.63,TRANSFER,,,,UPLOADED,12:00:00
TID000811,2023-12-15,ACC00154,ACC00104,66086.98,WITHDRAWAL,,,,UPLOADED,12:00:00
TID000812,2023-06-01,ACC00185,ACC00007,65574.52,DEPOSIT,,,,UPLOADED,12:00:00
TID000813,2023-01-19,ACC00108,ACC00104,38888.66,WITHDRAWAL,,,,UPLOADED,12:00:00
TID000814,2023-12-18,ACC00088,ACC00186,71365.59,PAYMENT,,,,UPLOADED,12:00:00
TID000815,2023-03-29,ACC00172,ACC00092,50780.75,WITHDRAWAL,,,,UPLOADED,12:00:00
TID000816,2023-05-13,ACC00076,ACC00025,47131.01,WITHDRAWAL,,,,UPLOADED,12:00:00
TID000817,2023-04-24,ACC00175,ACC00086,65478.02,DEPOSIT,,,,UPLOADED,12:00:00
TID000818,2023-08-04,ACC00058,ACC00191,87156.08,DEPOSIT,,,,UPLOADED,12:00:00
TID000819,2023-08-26,ACC00096,ACC00067,58598.51,TRANSFER,,,,UPLOADED,12:00:00
TID000820,2023-10-26,ACC00121,ACC00014,86652.7,TRANSFER,,,,UPLOADED,12:00:00
TID000821,2023-12-15,ACC00121,ACC00050,50097.69,PAYMENT,,,,UPLOADED,12:00:00
TID000822,2023-03-19,ACC00136,ACC00077,41369.41,WITHDRAWAL,,,,UPLOADED,12:00:00
TID000823,2023-10-19,ACC00052,ACC00088,40978.27,PAYMENT,,,,UPLOADED,12:00:00
TID000824,2023-04-03,ACC00037,ACC00081,86253.15,TRANSFER,,,,UPLOADED,12:00:00
TID000825,2023-04-01,ACC00125,ACC00086,63140.17,DEPOSIT,,,,UPLOADED,12:00:00
TID000826,2023-05-21,ACC00163,ACC00015,570.88,WITHDRAWAL,,,,UPLOADED,12:00:00
TID000827,2023-03-23,ACC00195,ACC00199,16943.72,PAYMENT,,,,UPLOADED,12:00:00
TID000828,2023-11-11,ACC00196,ACC00200,8895.33,PAYMENT,,,,UPLOADED,12:00:00
TID000829,2023-09-02,ACC00163,ACC00110,40399.01,PAYMENT,,,,UPLOADED,12:00:00
TID000830,2023-07-11,ACC00002,ACC00010,53424.88,TRANSFER,,,,UPLOADED,12:00:00
TID000831,2023-04-08,ACC00083,ACC00194,83339.54,TRANSFER,,,,UPLOADED,12:00:00
TID000832,2023-05-08,ACC00174,ACC00002,62706.02,WITHDRAWAL,,,,UPLOADED,12:00:00
TID000833,2023-02-22,ACC00178,ACC00089,31278.02,PAYMENT,,,,UPLOADED,12:00:00
TID000834,2023-02-03,ACC00129,ACC00151,30680.9,TRANSFER,,,,UPLOADED,12:00:00
TID000835,2023-09-24,ACC00077,ACC00075,45647.04,DEPOSIT,,,,UPLOADED,12:00:00
TID000836,2023-06-25,ACC00112,ACC00176,99547.69,PAYMENT,,,,UPLOADED,12:00:00
TID000837,2023-07-26,ACC00092,ACC00193,18923.76,TRANSFER,,,,UPLOADED,12:00:00
TID000838,2023-03-09,ACC00059,ACC00058,72744.17,WITHDRAWAL,,,,UPLOADED,12:00:00
TID000839,2023-03-28,ACC00188,ACC00006,59010.31,TRANSFER,,,,UPLOADED,12:00:00
TID000840,2023-01-20,ACC00094,ACC00183,65088.98,PAYMENT,,,,UPLOADED,12:00:00
TID000841,2023-11-16,ACC00164,ACC00066,77147.84,TRANSFER,,,,UPLOADED,12:00:00
TID000842,2023-12-01,ACC00153,ACC00013,66230.79,TRANSFER,,,,UPLOADED,12:00:00
TID000843,2023-08-16,ACC00013,ACC00177,11667.4,PAYMENT,,,,UPLOADED,12:00:00
TID000844,2023-12-26,ACC00032,ACC00141,25348.56,WITHDRAWAL,,,,UPLOADED,12:00:00
TID000845,2023-01-05,ACC00053,ACC00178,68605.43,DEPOSIT,,,,UPLOADED,12:00:00
TID000846,2023-09-24,ACC00108,ACC00170,10187.89,DEPOSIT,,,,UPLOADED,12:00:00
TID000847,2023-08-03,ACC00160,ACC00156,70102.56,TRANSFER,,,,UPLOADED,12:00:00
TID000848,2023-05-25,ACC00131,ACC00185,61808.03,TRANSFER,,,,UPLOADED,12:00:00
TID000849,2023-04-13,ACC00028,ACC00128,19944.8,DEPOSIT,,,,UPLOADED,12:00:00
TID000850,2023-07-29,ACC00134,ACC00052,35856.39,DEPOSIT,,,,UPLOADED,12:00:00
TID000851,2023-04-17,ACC00042,ACC00011,54859.06,PAYMENT,,,,UPLOADED,12:00:00
TID000852,2023-12-10,ACC00085,ACC00061,373.53,TRANSFER,,,,UPLOADED,12:00:00
TID000853,2023-03-18,ACC00029,ACC00147,66935.29,TRANSFER,,,,UPLOADED,12:00:00
TID000854,2023-02-21,ACC00200,ACC00131,7597.32,DEPOSIT,,,,UPLOADED,12:00:00
TID000855,2023-06-01,ACC00165,ACC00060,45729.45,DEPOSIT,,,,UPLOADED,12:00:00
TID000856,2023-03-31,ACC00119,ACC00013,10070.91,TRANSFER,,,,UPLOADED,12:00:00
TID000857,2023-06-10,ACC00075,ACC00093,80179.45,PAYMENT,,,,UPLOADED,12:00:00
TID000858,2023-01-24,ACC00190,ACC00030,9590.35,TRANSFER,,,,UPLOADED,12:00:00
TID000859,2023-06-18,ACC00036,ACC00170,64755.14,DEPOSIT,,,,UPLOADED,12:00:00
TID000860,2023-02-17,ACC00113,ACC00160,26904.11,DEPOSIT,,,,UPLOADED,12:00:00
TID000861,2023-07-24,ACC00088,ACC00047,11471.82,PAYMENT,,,,UPLOADED,12:00:00
TID000862,2023-09-02,ACC00070,ACC00099,69021.25,PAYMENT,,,,UPLOADED,12:00:00
TID000863,2023-12-23,ACC00167,ACC00043,11394.35,TRANSFER,,,,UPLOADED,12:00:00
TID000864,2023-10-30,ACC00041,ACC00027,41661.17,PAYMENT,,,,UPLOADED,12:00:00
TID000865,2023-11-09,ACC00146,ACC00174,43872.46,PAYMENT,,,,UPLOADED,12:00:00
TID000866,2023-12-17,ACC00200,ACC00092,61174.71,WITHDRAWAL,,,,UPLOADED,12:00:00
TID000867,2023-07-30,ACC00124,ACC00125,11382.45,PAYMENT,,,,UPLOADED,12:00:00
TID000868,2023-06-10,ACC00012,ACC00017,26235.13,TRANSFER,,,,UPLOADED,12:00:00
TID000869,2023-10-23,ACC00181,ACC00174,52529.31,WITHDRAWAL,,,,UPLOADED,12:00:00
TID000870,2023-12-19,ACC00172,ACC00087,51958.06,TRANSFER,,,,UPLOADED,12:00:00
TID000871,2023-09-04,ACC00111,ACC00170,72692.53,DEPOSIT,,,,UPLOADED,12:00:00
TID000872,2023-03-18,ACC00170,ACC00174,64176.3,TRANSFER,,,,UPLOADED,12:00:00
TID000873,2023-09-16,ACC00003,ACC00165,93443.7,PAYMENT,,,,UPLOADED,12:00:00
TID000874,2023-09-09,ACC00127,ACC00043,7579.04,DEPOSIT,,,,UPLOADED,12:00:00
TID000875,2023-01-26,ACC00062,ACC00085,97017.49,WITHDRAWAL,,,,UPLOADED,12:00:00
TID000876,2023-05-01,ACC00141,ACC00165,37925.9,TRANSFER,,,,UPLOADED,12:00:00
TID000877,2023-08-18,ACC00118,ACC00114,80146.0,TRANSFER,,,,UPLOADED,12:00:00
TID000878,2023-09-12,ACC00128,ACC00115,31674.55,TRANSFER,,,,UPLOADED,12:00:00
TID000879,2023-10-13,ACC00027,ACC00104,41292.62,TRANSFER,,,,UPLOADED,12:00:00
TID000880,2023-11-23,ACC00024,ACC00155,96320.81,DEPOSIT,,,,UPLOADED,12:00:00
TID000881,2023-12-10,ACC00131,ACC00144,20764.44,PAYMENT,,,,UPLOADED,12:00:00
TID000882,2023-04-25,ACC00088,ACC00094,82548.57,PAYMENT,,,,UPLOADED,12:00:00
TID000883,2023-11-04,ACC00085,ACC00144,76764.9,PAYMENT,,,,UPLOADED,12:00:00
TID000884,2023-08-20,ACC00184,ACC00169,36393.13,TRANSFER,,,,UPLOADED,12:00:00
TID000885,2023-01-02,ACC00025,ACC00195,65925.13,DEPOSIT,,,,UPLOADED,12:00:00
TID000886,2023-05-30,ACC00091,ACC00163,96446.92,DEPOSIT,,,,UPLOADED,12:00:00
TID000887,2023-03-26,ACC00180,ACC00028,4673.23,PAYMENT,,,,UPLOADED,12:00:00
TID000888,2023-07-29,ACC00036,ACC00184,74276.84,TRANSFER,,,,UPLOADED,12:00:00
TID000889,2023-03-03,ACC00066,ACC00157,19672.55,PAYMENT,,,,UPLOADED,12:00:00
TID000890,2023-04-08,ACC00056,ACC00118,82472.96,DEPOSIT,,,,UPLOADED,12:00:00
TID000891,2023-11-21,ACC00028,ACC00194,41505.59,TRANSFER,,,,UPLOADED,12:00:00
TID000892,2023-10-29,ACC00198,ACC00116,45793.05,WITHDRAWAL,,,,UPLOADED,12:00:00
TID000893,2023-01-25,ACC00128,ACC00002,53083.4,PAYMENT,,,,UPLOADED,12:00:00
TID000894,2023-04-01,ACC00150,ACC00124,92444.65,WITHDRAWAL,,,,UPLOADED,12:00:00
TID000895,2023-12-03,ACC00188,ACC00033,10445.04,DEPOSIT,,,,UPLOADED,12:00:00
TID000896,2023-11-08,ACC00130,ACC00099,41924.61,WITHDRAWAL,,,,UPLOADED,12:00:00
TID000897,2023-05-31,ACC00071,ACC00102,96362.99,PAYMENT,,,,UPLOADED,12:00:00
TID000898,2023-12-25,ACC00035,ACC00036,41333.27,DEPOSIT,,,,UPLOADED,12:00:00
TID000899,2023-12-31,ACC00180,ACC00141,86084.68,WITHDRAWAL,,,,UPLOADED,12:00:00
TID000900,2023-05-29,ACC00052,ACC00054,62454.34,DEPOSIT,,,,UPLOADED,12:00:00
TID000901,2023-11-29,ACC00173,ACC00034,98135.42,WITHDRAWAL,,,,UPLOADED,12:00:00
TID000902,2023-06-15,ACC00129,ACC00139,69461.77,TRANSFER,,,,UPLOADED,12:00:00
TID000903,2023-10-26,ACC00195,ACC00091,56271.79,PAYMENT,,,,UPLOADED,12:00:00
TID000904,2023-10-01,ACC00173,ACC00192,89397.21,DEPOSIT,,,,UPLOADED,12:00:00
TID000905,2023-01-13,ACC00109,ACC00004,52320.73,PAYMENT,,,,UPLOADED,12:00:00
TID000906,2023-04-13,ACC00038,ACC00014,67058.39,DEPOSIT,,,,UPLOADED,12:00:00
TID000907,2023-12-16,ACC00193,ACC00042,98354.89,DEPOSIT,,,,UPLOADED,12:00:00
TID000908,2023-06-01,ACC00038,ACC00016,69090.43,WITHDRAWAL,,,,UPLOADED,12:00:00
TID000909,2023-08-20,ACC00193,ACC00139,3327.41,TRANSFER,,,,UPLOADED,12:00:00
TID000910,2023-04-25,ACC00158,ACC00173,73975.3,PAYMENT,,,,UPLOADED,12:00:00
TID000911,2023-12-23,ACC00061,ACC00131,78452.29,DEPOSIT,,,,UPLOADED,12:00:00
TID000912,2023-07-15,ACC00178,ACC00171,4793.29,PAYMENT,,,,UPLOADED,12:00:00
TID000913,2023-10-10,ACC00107,ACC00176,31334.13,TRANSFER,,,,UPLOADED,12:00:00
TID000914,2023-11-14,ACC00004,ACC00191,25208.98,PAYMENT,,,,UPLOADED,12:00:00
TID000915,2023-11-28,ACC00058,ACC00163,70492.44,DEPOSIT,,,,UPLOADED,12:00:00
TID000916,2023-11-05,ACC00194,ACC00151,54706.85,WITHDRAWAL,,,,UPLOADED,12:00:00
TID000917,2023-05-31,ACC00199,ACC00186,96432.55,PAYMENT,,,,UPLOADED,12:00:00
TID000918,2023-03-30,ACC00046,ACC00175,7539.45,TRANSFER,,,,UPLOADED,12:00:00
TID000919,2023-10-12,ACC00097,ACC00011,42907.93,DEPOSIT,,,,UPLOADED,12:00:00
TID000920,2023-05-11,ACC00034,ACC00042,58440.21,TRANSFER,,,,UPLOADED,12:00:00
TID000921,2023-03-21,ACC00085,ACC00120,70997.96,TRANSFER,,,,UPLOADED,12:00:00
TID000922,2023-11-17,ACC00040,ACC00083,59728.35,DEPOSIT,,,,UPLOADED,12:00:00
TID000923,2023-02-07,ACC00126,ACC00147,55061.0,DEPOSIT,,,,UPLOADED,12:00:00
TID000924,2023-09-24,ACC00135,ACC00057,95703.07,TRANSFER,,,,UPLOADED,12:00:00
TID000925,2023-10-02,ACC00130,ACC00041,41651.53,PAYMENT,,,,UPLOADED,12:00:00
TID000926,2023-04-20,ACC00024,ACC00090,22197.69,DEPOSIT,,,,UPLOADED,12:00:00
TID000927,2023-11-13,ACC00085,ACC00093,29428.08,PAYMENT,,,,UPLOADED,12:00:00
TID000928,2023-01-05,ACC00144,ACC00193,98115.21,TRANSFER,,,,UPLOADED,12:00:00
TID000929,2023-11-25,ACC00172,ACC00089,44622.16,WITHDRAWAL,,,,UPLOADED,12:00:00
TID000930,2023-07-15,ACC00011,ACC00175,88577.45,TRANSFER,,,,UPLOADED,12:00:00
TID000931,2023-05-25,ACC00099,ACC00066,54069.71,TRANSFER,,,,UPLOADED,12:00:00
TID000932,2023-09-18,ACC00133,ACC00198,37558.31,PAYMENT,,,,UPLOADED,12:00:00
TID000933,2023-11-30,ACC00125,ACC00012,29713.75,WITHDRAWAL,,,,UPLOADED,12:00:00
TID000934,2023-02-19,ACC00083,ACC00132,8326.31,WITHDRAWAL,,,,UPLOADED,12:00:00
TID000935,2023-11-17,ACC00198,ACC00138,53367.26,TRANSFER,,,,UPLOADED,12:00:00
TID000936,2023-04-20,ACC00054,ACC00172,62988.5,PAYMENT,,,,UPLOADED,12:00:00
TID000937,2023-12-26,ACC00027,ACC00053,53821.65,PAYMENT,,,,UPLOADED,12:00:00
TID000938,2023-03-20,ACC00166,ACC00019,74714.39,TRANSFER,,,,UPLOADED,12:00:00
TID000939,2023-02-14,ACC00118,ACC00184,33238.37,TRANSFER,,,,UPLOADED,12:00:00
TID000940,2023-10-13,ACC00014,ACC00046,79442.06,TRANSFER,,,,UPLOADED,12:00:00
TID000941,2023-07-28,ACC00148,ACC00059,91107.56,PAYMENT,,,,UPLOADED,12:00:00
TID000942,2023-06-11,ACC00116,ACC00162,40504.36,TRANSFER,,,,UPLOADED,12:00:00
TID000943,2023-01-04,ACC00100,ACC00173,11918.75,TRANSFER,,,,UPLOADED,12:00:00
TID000944,2023-12-25,ACC00194,ACC00191,58602.24,TRANSFER,,,,UPLOADED,12:00:00
TID000945,2023-12-18,ACC00092,ACC00129,10702.94,DEPOSIT,,,,UPLOADED,12:00:00
TID000946,2023-08-13,ACC00156,ACC00023,28223.59,PAYMENT,,,,UPLOADED,12:00:00
TID000947,2023-03-22,ACC00102,ACC00170,3178.83,WITHDRAWAL,,,,UPLOADED,12:00:00
TID000948,2023-10-07,ACC00035,ACC00192,39160.16,DEPOSIT,,,,UPLOADED,12:00:00
TID000949,2023-11-28,ACC00163,ACC00037,29875.84,DEPOSIT,,,,UPLOADED,12:00:00
TID000950,2023-03-14,ACC00003,ACC00142,87489.22,TRANSFER,,,,UPLOADED,12:00:00
TID000951,2023-07-21,ACC00011,ACC00002,57314.59,TRANSFER,,,,UPLOADED,12:00:00
TID000952,2023-06-26,ACC00079,ACC00054,74854.83,WITHDRAWAL,,,,UPLOADED,12:00:00
TID000953,2023-03-14,ACC00106,ACC00166,85160.74,WITHDRAWAL,,,,UPLOADED,12:00:00
TID000954,2023-05-10,ACC00048,ACC00057,61726.8,WITHDRAWAL,,,,UPLOADED,12:00:00
TID000955,2023-10-18,ACC00030,ACC00047,67130.69,TRANSFER,,,,UPLOADED,12:00:00
TID000956,2023-10-09,ACC00193,ACC00141,46180.39,TRANSFER,,,,UPLOADED,12:00:00
TID000957,2023-02-20,ACC00075,ACC00172,6829.54,WITHDRAWAL,,,,UPLOADED,12:00:00
TID000958,2023-06-19,ACC00186,ACC00149,48770.32,DEPOSIT,,,,UPLOADED,12:00:00
TID000959,2023-02-21,ACC00033,ACC00172,65581.75,DEPOSIT,,,,UPLOADED,12:00:00
TID000960,2023-06-12,ACC00159,ACC00018,90021.85,PAYMENT,,,,UPLOADED,12:00:00
TID000961,2023-06-06,ACC00116,ACC00085,61672.61,WITHDRAWAL,,,,UPLOADED,12:00:00
TID000962,2023-06-11,ACC00145,ACC00146,36512.89,PAYMENT,,,,UPLOADED,12:00:00
TID000963,2023-04-24,ACC00044,ACC00002,31390.16,PAYMENT,,,,UPLOADED,12:00:00
TID000964,2023-06-19,ACC00071,ACC00093,13517.15,PAYMENT,,,,UPLOADED,12:00:00
TID000965,2023-06-06,ACC00119,ACC00115,35938.29,PAYMENT,,,,UPLOADED,12:00:00
TID000966,2023-11-07,ACC00142,ACC00028,17659.44,TRANSFER,,,,UPLOADED,12:00:00
TID000967,2023-04-11,ACC00072,ACC00036,89140.57,DEPOSIT,,,,UPLOADED,12:00:00
TID000968,2023-02-08,ACC00188,ACC00161,7738.59,TRANSFER,,,,UPLOADED,12:00:00
TID000969,2023-10-25,ACC00130,ACC00162,3216.3,PAYMENT,,,,UPLOADED,12:00:00
TID000970,2023-01-19,ACC00197,ACC00152,21354.79,DEPOSIT,,,,UPLOADED,12:00:00
TID000971,2023-03-18,ACC00140,ACC00139,47263.18,DEPOSIT,,,,UPLOADED,12:00:00
TID000972,2023-10-29,ACC00101,ACC00058,89154.61,DEPOSIT,,,,UPLOADED,12:00:00
TID000973,2023-02-16,ACC00035,ACC00119,50162.2,PAYMENT,,,,UPLOADED,12:00:00
TID000974,2023-05-03,ACC00094,ACC00129,1158.11,WITHDRAWAL,,,,UPLOADED,12:00:00
TID000975,2023-03-23,ACC00194,ACC00132,14123.03,WITHDRAWAL,,,,UPLOADED,12:00:00
TID000976,2023-03-16,ACC00145,ACC00169,87232.3,PAYMENT,,,,UPLOADED,12:00:00
TID000977,2023-09-07,ACC00092,ACC00011,21960.03,WITHDRAWAL,,,,UPLOADED,12:00:00
TID000978,2023-01-22,ACC00017,ACC00068,37006.58,WITHDRAWAL,,,,UPLOADED,12:00:00
TID000979,2023-08-21,ACC00133,ACC00093,38870.5,TRANSFER,,,,UPLOADED,12:00:00
TID000980,2023-12-27,ACC00011,ACC00167,32474.7,DEPOSIT,,,,UPLOADED,12:00:00
TID000981,2023-10-19,ACC00190,ACC00068,57905.28,WITHDRAWAL,,,,UPLOADED,12:00:00
TID000982,2023-10-28,ACC00097,ACC00168,37914.0,TRANSFER,,,,UPLOADED,12:00:00
TID000983,2023-04-25,ACC00133,ACC00065,37695.25,PAYMENT,,,,UPLOADED,12:00:00
TID000984,2023-09-04,ACC00091,ACC00089,48737.47,TRANSFER,,,,UPLOADED,12:00:00
TID000985,2023-04-28,ACC00129,ACC00036,44045.88,TRANSFER,,,,UPLOADED,12:00:00
TID000986,2023-03-18,ACC00132,ACC00165,28152.87,WITHDRAWAL,,,,UPLOADED,12:00:00
TID000987,2023-03-02,ACC00041,ACC00093,60241.83,WITHDRAWAL,,,,UPLOADED,12:00:00
TID000988,2023-09-04,ACC00107,ACC00085,72053.54,PAYMENT,,,,UPLOADED,12:00:00
TID000989,2023-11-28,ACC00123,ACC00054,59120.01,PAYMENT,,,,UPLOADED,12:00:00
TID000990,2023-10-21,ACC00006,ACC00063,4410.12,WITHDRAWAL,,,,UPLOADED,12:00:00
TID000991,2023-10-21,ACC00035,ACC00162,51313.02,WITHDRAWAL,,,,UPLOADED,12:00:00
TID000992,2023-04-03,ACC00015,ACC00043,25900.14,PAYMENT,,,,UPLOADED,12:00:00
TID000993,2023-12-05,ACC00154,ACC00145,63798.51,DEPOSIT,,,,UPLOADED,12:00:00
TID000994,2023-08-30,ACC00022,ACC00056,44975.42,PAYMENT,,,,UPLOADED,12:00:00
TID000995,2023-11-04,ACC00044,ACC00057,83053.32,WITHDRAWAL,,,,UPLOADED,12:00:00
TID000996,2023-12-04,ACC00150,ACC00197,18270.23,DEPOSIT,,,,UPLOADED,12:00:00
TID000997,2023-08-21,ACC00043,ACC00186,68590.56,TRANSFER,,,,UPLOADED,12:00:00
TID000998,2023-02-25,ACC00059,ACC00097,38607.64,TRANSFER,,,,UPLOADED,12:00:00
TID000999,2023-09-16,ACC00052,ACC00134,85973.21,PAYMENT,,,,UPLOADED,12:00:00
